time="2026-05-03T20:31:36Z" level=warning msg="/workspaces/dataops-platform/docker-compose.yml: the attribute `version` is obsolete, it will be ignored, please remove it to avoid potential confusion"
#1 [internal] load local bake definitions
#1 reading from stdin 2.90kB done
#1 DONE 0.0s

#2 [tensorflow internal] load build definition from Dockerfile
#2 transferring dockerfile: 196B done
#2 DONE 0.1s

#3 [jupyter internal] load build definition from Dockerfile
#3 transferring dockerfile: 276B done
#3 DONE 0.1s

#4 [airflow internal] load build definition from Dockerfile
#4 transferring dockerfile: 202B done
#4 DONE 0.1s

#5 [jupyter internal] load metadata for docker.io/jupyter/base-notebook:latest
#5 ...

#6 [namenode internal] load build definition from Dockerfile
#6 transferring dockerfile: 228B done
#6 DONE 0.4s

#7 [spark-master internal] load build definition from Dockerfile
#7 transferring dockerfile: 324B 0.0s done
#7 DONE 0.4s

#8 [auth] jupyter/base-notebook:pull token for registry-1.docker.io
#8 DONE 0.0s

#9 [auth] tensorflow/tensorflow:pull token for registry-1.docker.io
#9 DONE 0.0s

#10 [spark-master internal] load metadata for docker.io/apache/spark:3.4.1
#10 ...

#11 [auth] apache/airflow:pull token for registry-1.docker.io
#11 DONE 0.0s

#12 [auth] library/ubuntu:pull token for registry-1.docker.io
#12 DONE 0.0s

#13 [auth] apache/spark:pull token for registry-1.docker.io
#13 DONE 0.0s

#14 [namenode internal] load metadata for docker.io/library/ubuntu:22.04
#14 ...

#15 [tensorflow internal] load metadata for docker.io/tensorflow/tensorflow:2.13.0
#15 DONE 1.3s

#16 [tensorflow internal] load .dockerignore
#16 transferring context: 2B done
#16 DONE 0.4s

#10 [spark-worker internal] load metadata for docker.io/apache/spark:3.4.1
#10 DONE 1.3s

#5 [jupyter internal] load metadata for docker.io/jupyter/base-notebook:latest
#5 DONE 1.7s

#17 [jupyter internal] load .dockerignore
#17 transferring context: 2B done
#17 DONE 0.0s

#18 [spark-master internal] load .dockerignore
#18 transferring context: 2B done
#18 DONE 0.0s

#19 [airflow internal] load metadata for docker.io/apache/airflow:2.7.0
#19 DONE 1.4s

#20 [spark-master 1/4] FROM docker.io/apache/spark:3.4.1@sha256:39976de47b94dc5348ef23c9bf8e573db8b0700bf15dfc6c96d0cedd4fac56a0
#20 resolve docker.io/apache/spark:3.4.1@sha256:39976de47b94dc5348ef23c9bf8e573db8b0700bf15dfc6c96d0cedd4fac56a0 0.0s done
#20 ...

#14 [namenode internal] load metadata for docker.io/library/ubuntu:22.04
#14 DONE 1.5s

#21 [airflow internal] load .dockerignore
#21 transferring context: 2B done
#21 DONE 0.0s

#22 [namenode internal] load .dockerignore
#22 transferring context: 2B done
#22 DONE 0.1s

#23 [namenode 1/2] FROM docker.io/library/ubuntu:22.04@sha256:962f6cadeae0ea6284001009daa4cc9a8c37e75d1f5191cf0eb83fe565b63dd7
#23 resolve docker.io/library/ubuntu:22.04@sha256:962f6cadeae0ea6284001009daa4cc9a8c37e75d1f5191cf0eb83fe565b63dd7 0.0s done
#23 DONE 0.0s

#24 [airflow 1/2] FROM docker.io/apache/airflow:2.7.0@sha256:7a1d5453d5511e662d093c534dbab9417a3210af162e81e4c51056dd2c01a84e
#24 resolve docker.io/apache/airflow:2.7.0@sha256:7a1d5453d5511e662d093c534dbab9417a3210af162e81e4c51056dd2c01a84e 0.0s done
#24 ...

#25 [tensorflow 1/3] FROM docker.io/tensorflow/tensorflow:2.13.0@sha256:f133c99eba6e59b921ea7543c81417cd831c9983f5d6ce65dff7adb0ec79d830
#25 resolve docker.io/tensorflow/tensorflow:2.13.0@sha256:f133c99eba6e59b921ea7543c81417cd831c9983f5d6ce65dff7adb0ec79d830 0.0s done
#25 DONE 1.5s

#20 [spark-master 1/4] FROM docker.io/apache/spark:3.4.1@sha256:39976de47b94dc5348ef23c9bf8e573db8b0700bf15dfc6c96d0cedd4fac56a0
#20 sha256:97faf191164c42407ccb18ac26e3ea6ceeeaa6f1b4384f84b7447d8706489c4e 0B / 94.34MB 0.2s
#20 sha256:4f4fb700ef54461cfa02571ae0db9a0dc1e0cdb5577484a6d75e68dc38e8acc1 32B / 32B 0.2s done
#20 sha256:a603338e5eef043fe02a27bbeaf62eb4d81d85b3310e498b82fdcaee754dfea1 0B / 317.88MB 0.2s
#20 sha256:5473df8c26a0a8e1fb587fdd493d5cf898378011ea66480d3ef0c871ece519ae 0B / 2.04kB 0.2s
#20 sha256:4f4fb700ef54461cfa02571ae0db9a0dc1e0cdb5577484a6d75e68dc38e8acc1 32B / 32B 0.2s done
#20 sha256:cb67ec5db688c33b5070f1d46f377c5261b16d2919ed654bc2a23e4abdcde02a 0B / 23.71MB 0.2s
#20 sha256:5473df8c26a0a8e1fb587fdd493d5cf898378011ea66480d3ef0c871ece519ae 2.04kB / 2.04kB 0.6s done
#20 sha256:cb67ec5db688c33b5070f1d46f377c5261b16d2919ed654bc2a23e4abdcde02a 2.10MB / 23.71MB 0.5s
#20 sha256:97faf191164c42407ccb18ac26e3ea6ceeeaa6f1b4384f84b7447d8706489c4e 8.39MB / 94.34MB 0.8s
#20 sha256:6918cafc331bb5df59296f859c891ab904690384936d5d50c6cd0f58557b96a5 1.43kB / 1.43kB 0.1s done
#20 sha256:97faf191164c42407ccb18ac26e3ea6ceeeaa6f1b4384f84b7447d8706489c4e 14.68MB / 94.34MB 0.9s
#20 sha256:cb67ec5db688c33b5070f1d46f377c5261b16d2919ed654bc2a23e4abdcde02a 7.34MB / 23.71MB 0.6s
#20 sha256:6918cafc331bb5df59296f859c891ab904690384936d5d50c6cd0f58557b96a5 1.43kB / 1.43kB 0.1s done
#20 sha256:cb67ec5db688c33b5070f1d46f377c5261b16d2919ed654bc2a23e4abdcde02a 13.63MB / 23.71MB 1.1s
#20 sha256:a603338e5eef043fe02a27bbeaf62eb4d81d85b3310e498b82fdcaee754dfea1 16.78MB / 317.88MB 1.4s
#20 sha256:cb67ec5db688c33b5070f1d46f377c5261b16d2919ed654bc2a23e4abdcde02a 19.92MB / 23.71MB 1.2s
#20 sha256:6b8c9ad9fc2c5ff99353581f54c02e5ccfc7a745f9d254b89b2a76ab4b5a1388 161B / 161B 0.1s done
#20 sha256:97faf191164c42407ccb18ac26e3ea6ceeeaa6f1b4384f84b7447d8706489c4e 24.12MB / 94.34MB 1.5s
#20 sha256:cb67ec5db688c33b5070f1d46f377c5261b16d2919ed654bc2a23e4abdcde02a 23.07MB / 23.71MB 1.4s
#20 sha256:1c1d6f5b86c355e0656c507178ce8f4719ba6d4640dd32454ae56a021577aff2 0B / 46.66MB 0.2s
#20 sha256:1c1d6f5b86c355e0656c507178ce8f4719ba6d4640dd32454ae56a021577aff2 4.19MB / 46.66MB 0.3s
#20 sha256:97faf191164c42407ccb18ac26e3ea6ceeeaa6f1b4384f84b7447d8706489c4e 31.46MB / 94.34MB 2.1s
#20 sha256:1c1d6f5b86c355e0656c507178ce8f4719ba6d4640dd32454ae56a021577aff2 7.34MB / 46.66MB 0.8s
#20 sha256:1c1d6f5b86c355e0656c507178ce8f4719ba6d4640dd32454ae56a021577aff2 12.58MB / 46.66MB 0.9s
#20 sha256:a603338e5eef043fe02a27bbeaf62eb4d81d85b3310e498b82fdcaee754dfea1 34.60MB / 317.88MB 2.3s
#20 sha256:97faf191164c42407ccb18ac26e3ea6ceeeaa6f1b4384f84b7447d8706489c4e 40.15MB / 94.34MB 2.4s
#20 sha256:cb67ec5db688c33b5070f1d46f377c5261b16d2919ed654bc2a23e4abdcde02a 23.71MB / 23.71MB 2.2s done
#20 sha256:1c1d6f5b86c355e0656c507178ce8f4719ba6d4640dd32454ae56a021577aff2 16.78MB / 46.66MB 1.1s
#20 sha256:491508b827d83492c058d6e12e6ee1fe2f0e8328a6a5254f225537a15ef24bfe 0B / 16.41MB 0.4s
#20 sha256:1c1d6f5b86c355e0656c507178ce8f4719ba6d4640dd32454ae56a021577aff2 19.92MB / 46.66MB 1.5s
#20 sha256:491508b827d83492c058d6e12e6ee1fe2f0e8328a6a5254f225537a15ef24bfe 1.05MB / 16.41MB 0.5s
#20 sha256:491508b827d83492c058d6e12e6ee1fe2f0e8328a6a5254f225537a15ef24bfe 3.15MB / 16.41MB 0.6s
#20 sha256:97faf191164c42407ccb18ac26e3ea6ceeeaa6f1b4384f84b7447d8706489c4e 45.66MB / 94.34MB 3.0s
#20 sha256:1c1d6f5b86c355e0656c507178ce8f4719ba6d4640dd32454ae56a021577aff2 25.17MB / 46.66MB 1.8s
#20 sha256:491508b827d83492c058d6e12e6ee1fe2f0e8328a6a5254f225537a15ef24bfe 5.24MB / 16.41MB 0.8s
#20 sha256:491508b827d83492c058d6e12e6ee1fe2f0e8328a6a5254f225537a15ef24bfe 6.29MB / 16.41MB 1.1s
#20 sha256:97faf191164c42407ccb18ac26e3ea6ceeeaa6f1b4384f84b7447d8706489c4e 51.38MB / 94.34MB 3.6s
#20 sha256:1c1d6f5b86c355e0656c507178ce8f4719ba6d4640dd32454ae56a021577aff2 31.46MB / 46.66MB 2.4s
#20 sha256:491508b827d83492c058d6e12e6ee1fe2f0e8328a6a5254f225537a15ef24bfe 8.39MB / 16.41MB 1.2s
#20 sha256:97faf191164c42407ccb18ac26e3ea6ceeeaa6f1b4384f84b7447d8706489c4e 56.62MB / 94.34MB 3.8s
#20 sha256:a603338e5eef043fe02a27bbeaf62eb4d81d85b3310e498b82fdcaee754dfea1 56.62MB / 317.88MB 3.8s
#20 sha256:1c1d6f5b86c355e0656c507178ce8f4719ba6d4640dd32454ae56a021577aff2 35.65MB / 46.66MB 2.6s
#20 sha256:491508b827d83492c058d6e12e6ee1fe2f0e8328a6a5254f225537a15ef24bfe 14.68MB / 16.41MB 1.4s
#20 sha256:491508b827d83492c058d6e12e6ee1fe2f0e8328a6a5254f225537a15ef24bfe 16.41MB / 16.41MB 1.6s
#20 sha256:97faf191164c42407ccb18ac26e3ea6ceeeaa6f1b4384f84b7447d8706489c4e 61.87MB / 94.34MB 4.2s
#20 sha256:1c1d6f5b86c355e0656c507178ce8f4719ba6d4640dd32454ae56a021577aff2 38.49MB / 46.66MB 3.0s
#20 sha256:97faf191164c42407ccb18ac26e3ea6ceeeaa6f1b4384f84b7447d8706489c4e 67.11MB / 94.34MB 4.4s
#20 sha256:1c1d6f5b86c355e0656c507178ce8f4719ba6d4640dd32454ae56a021577aff2 44.12MB / 46.66MB 3.2s
#20 sha256:491508b827d83492c058d6e12e6ee1fe2f0e8328a6a5254f225537a15ef24bfe 16.41MB / 16.41MB 1.9s done
#20 sha256:1c1d6f5b86c355e0656c507178ce8f4719ba6d4640dd32454ae56a021577aff2 46.66MB / 46.66MB 3.3s
#20 sha256:f0412dfb1aaea4892c13dab6f771bcd79641a4bdcb521ce881f5dcfc0df9a7a5 3.15MB / 28.58MB 0.3s
#20 sha256:97faf191164c42407ccb18ac26e3ea6ceeeaa6f1b4384f84b7447d8706489c4e 72.35MB / 94.34MB 4.7s
#20 sha256:a603338e5eef043fe02a27bbeaf62eb4d81d85b3310e498b82fdcaee754dfea1 75.50MB / 317.88MB 4.8s
#20 sha256:f0412dfb1aaea4892c13dab6f771bcd79641a4bdcb521ce881f5dcfc0df9a7a5 7.34MB / 28.58MB 0.5s
#20 sha256:97faf191164c42407ccb18ac26e3ea6ceeeaa6f1b4384f84b7447d8706489c4e 81.79MB / 94.34MB 5.0s
#20 sha256:f0412dfb1aaea4892c13dab6f771bcd79641a4bdcb521ce881f5dcfc0df9a7a5 12.58MB / 28.58MB 0.6s
#20 sha256:97faf191164c42407ccb18ac26e3ea6ceeeaa6f1b4384f84b7447d8706489c4e 87.03MB / 94.34MB 5.1s
#20 sha256:f0412dfb1aaea4892c13dab6f771bcd79641a4bdcb521ce881f5dcfc0df9a7a5 16.78MB / 28.58MB 0.8s
#20 sha256:f0412dfb1aaea4892c13dab6f771bcd79641a4bdcb521ce881f5dcfc0df9a7a5 20.09MB / 28.58MB 1.0s
#20 sha256:f0412dfb1aaea4892c13dab6f771bcd79641a4bdcb521ce881f5dcfc0df9a7a5 23.07MB / 28.58MB 1.2s
#20 sha256:97faf191164c42407ccb18ac26e3ea6ceeeaa6f1b4384f84b7447d8706489c4e 93.32MB / 94.34MB 5.6s
#20 sha256:a603338e5eef043fe02a27bbeaf62eb4d81d85b3310e498b82fdcaee754dfea1 93.32MB / 317.88MB 5.6s
#20 sha256:f0412dfb1aaea4892c13dab6f771bcd79641a4bdcb521ce881f5dcfc0df9a7a5 27.26MB / 28.58MB 1.4s
#20 sha256:a603338e5eef043fe02a27bbeaf62eb4d81d85b3310e498b82fdcaee754dfea1 112.20MB / 317.88MB 6.8s
#20 sha256:a603338e5eef043fe02a27bbeaf62eb4d81d85b3310e498b82fdcaee754dfea1 128.97MB / 317.88MB 7.1s
#20 ...

#23 [namenode 1/2] FROM docker.io/library/ubuntu:22.04@sha256:962f6cadeae0ea6284001009daa4cc9a8c37e75d1f5191cf0eb83fe565b63dd7
#23 sha256:f63eb04151bcac21ad049f8d781b97b219aba392c5457907f8f3e88e43eb48ec 29.74MB / 29.74MB 1.2s done
#23 extracting sha256:f63eb04151bcac21ad049f8d781b97b219aba392c5457907f8f3e88e43eb48ec 7.6s done
#23 DONE 8.8s

#20 [spark-master 1/4] FROM docker.io/apache/spark:3.4.1@sha256:39976de47b94dc5348ef23c9bf8e573db8b0700bf15dfc6c96d0cedd4fac56a0
#20 sha256:a603338e5eef043fe02a27bbeaf62eb4d81d85b3310e498b82fdcaee754dfea1 153.09MB / 317.88MB 7.5s
#20 sha256:1c1d6f5b86c355e0656c507178ce8f4719ba6d4640dd32454ae56a021577aff2 46.66MB / 46.66MB 6.2s done
#20 ...

#26 [jupyter 1/3] FROM docker.io/jupyter/base-notebook:latest@sha256:8c903974902b0e9d45d9823c2234411de0614c5c98c4bb782b3d4f55b3e435e6
#26 resolve docker.io/jupyter/base-notebook:latest@sha256:8c903974902b0e9d45d9823c2234411de0614c5c98c4bb782b3d4f55b3e435e6 0.0s done
#26 ...

#20 [spark-master 1/4] FROM docker.io/apache/spark:3.4.1@sha256:39976de47b94dc5348ef23c9bf8e573db8b0700bf15dfc6c96d0cedd4fac56a0
#20 sha256:97faf191164c42407ccb18ac26e3ea6ceeeaa6f1b4384f84b7447d8706489c4e 94.34MB / 94.34MB 7.6s done
#20 sha256:f0412dfb1aaea4892c13dab6f771bcd79641a4bdcb521ce881f5dcfc0df9a7a5 28.58MB / 28.58MB 3.3s done
#20 extracting sha256:f0412dfb1aaea4892c13dab6f771bcd79641a4bdcb521ce881f5dcfc0df9a7a5
#20 sha256:a603338e5eef043fe02a27bbeaf62eb4d81d85b3310e498b82fdcaee754dfea1 169.87MB / 317.88MB 8.0s
#20 sha256:a603338e5eef043fe02a27bbeaf62eb4d81d85b3310e498b82fdcaee754dfea1 186.65MB / 317.88MB 8.8s
#20 sha256:a603338e5eef043fe02a27bbeaf62eb4d81d85b3310e498b82fdcaee754dfea1 204.47MB / 317.88MB 9.8s
#20 ...

#25 [tensorflow 1/3] FROM docker.io/tensorflow/tensorflow:2.13.0@sha256:f133c99eba6e59b921ea7543c81417cd831c9983f5d6ce65dff7adb0ec79d830
#25 sha256:17f02e3f1db1608f593d7e5a3b55de8d6e331ad08c39ac129d6321ed1f269f37 1.13kB / 1.13kB 0.1s done
#25 sha256:d10bf76e378a9430903dce8bec34a2f86a3751124dcd3055af0a8c72cfacf68b 1.14kB / 1.14kB 0.6s done
#25 sha256:4983425daedd245ee48fc06e80f4961c0485650d5283456475bcdd3b515e9d68 39.85MB / 305.67MB 2.3s
#25 sha256:85ba1cd0f140aa8aaab85569493c07746731b369dda4d0c19f7f572483f25fb6 22.06MB / 22.06MB 2.2s done
#25 sha256:4a60f8dff7fd3094fd0d6b2250bc1c2ebb488658fda0dc8068f5b3b308999c88 128B / 128B 0.5s done
#25 sha256:1eb5af93509e197319fe2b95e0ecc382af70353a19e370c13ea68fb0fe108a48 971B / 971B 0.8s done
#25 ...

#20 [spark-master 1/4] FROM docker.io/apache/spark:3.4.1@sha256:39976de47b94dc5348ef23c9bf8e573db8b0700bf15dfc6c96d0cedd4fac56a0
#20 sha256:a603338e5eef043fe02a27bbeaf62eb4d81d85b3310e498b82fdcaee754dfea1 220.39MB / 317.88MB 11.0s
#20 sha256:a603338e5eef043fe02a27bbeaf62eb4d81d85b3310e498b82fdcaee754dfea1 238.03MB / 317.88MB 13.1s
#20 sha256:a603338e5eef043fe02a27bbeaf62eb4d81d85b3310e498b82fdcaee754dfea1 255.85MB / 317.88MB 15.5s
#20 ...

#27 [namenode 2/2] RUN apt-get update && apt-get install -y openjdk-11-jdk wget && rm -rf /var/lib/apt/lists/*
#27 2.402 Get:1 http://security.ubuntu.com/ubuntu jammy-security InRelease [129 kB]
#27 2.436 Get:2 http://archive.ubuntu.com/ubuntu jammy InRelease [270 kB]
#27 2.683 Get:3 http://archive.ubuntu.com/ubuntu jammy-updates InRelease [128 kB]
#27 2.683 Get:4 http://archive.ubuntu.com/ubuntu jammy-backports InRelease [127 kB]
#27 3.335 Get:5 http://archive.ubuntu.com/ubuntu jammy/restricted amd64 Packages [164 kB]
#27 3.410 Get:6 http://archive.ubuntu.com/ubuntu jammy/multiverse amd64 Packages [266 kB]
#27 3.430 Get:7 http://archive.ubuntu.com/ubuntu jammy/main amd64 Packages [1792 kB]
#27 3.505 Get:8 http://archive.ubuntu.com/ubuntu jammy/universe amd64 Packages [17.5 MB]
#27 4.097 Get:9 http://archive.ubuntu.com/ubuntu jammy-updates/universe amd64 Packages [1601 kB]
#27 4.130 Get:10 http://archive.ubuntu.com/ubuntu jammy-updates/restricted amd64 Packages [7225 kB]
#27 4.470 Get:11 http://archive.ubuntu.com/ubuntu jammy-updates/main amd64 Packages [4237 kB]
#27 4.650 Get:12 http://archive.ubuntu.com/ubuntu jammy-updates/multiverse amd64 Packages [86.0 kB]
#27 4.811 Get:13 http://archive.ubuntu.com/ubuntu jammy-backports/universe amd64 Packages [39.0 kB]
#27 4.841 Get:14 http://archive.ubuntu.com/ubuntu jammy-backports/main amd64 Packages [112 kB]
#27 5.521 Get:15 http://security.ubuntu.com/ubuntu jammy-security/main amd64 Packages [3864 kB]
#27 6.075 Get:16 http://security.ubuntu.com/ubuntu jammy-security/restricted amd64 Packages [6862 kB]
#27 6.290 Get:17 http://security.ubuntu.com/ubuntu jammy-security/multiverse amd64 Packages [61.6 kB]
#27 6.290 Get:18 http://security.ubuntu.com/ubuntu jammy-security/universe amd64 Packages [1292 kB]
#27 ...

#20 [spark-master 1/4] FROM docker.io/apache/spark:3.4.1@sha256:39976de47b94dc5348ef23c9bf8e573db8b0700bf15dfc6c96d0cedd4fac56a0
#20 sha256:a603338e5eef043fe02a27bbeaf62eb4d81d85b3310e498b82fdcaee754dfea1 272.44MB / 317.88MB 18.0s
#20 ...

#24 [airflow 1/2] FROM docker.io/apache/airflow:2.7.0@sha256:7a1d5453d5511e662d093c534dbab9417a3210af162e81e4c51056dd2c01a84e
#24 ...

#25 [tensorflow 1/3] FROM docker.io/tensorflow/tensorflow:2.13.0@sha256:f133c99eba6e59b921ea7543c81417cd831c9983f5d6ce65dff7adb0ec79d830
#25 sha256:4983425daedd245ee48fc06e80f4961c0485650d5283456475bcdd3b515e9d68 114.29MB / 305.67MB 11.4s
#25 sha256:eb5c0fde2e1919070e99581f3e7851ade4e605444c2ba6dfd43b60dbc4186dd3 69.21MB / 112.23MB 9.3s
#25 sha256:9e55d77b5a31fa78008f59b44c2077be246abcf06562d9811b9d7b597251a24b 39.01MB / 39.01MB 9.3s
#25 ...

#20 [spark-master 1/4] FROM docker.io/apache/spark:3.4.1@sha256:39976de47b94dc5348ef23c9bf8e573db8b0700bf15dfc6c96d0cedd4fac56a0
#20 sha256:a603338e5eef043fe02a27bbeaf62eb4d81d85b3310e498b82fdcaee754dfea1 289.41MB / 317.88MB 19.5s
#20 sha256:a603338e5eef043fe02a27bbeaf62eb4d81d85b3310e498b82fdcaee754dfea1 306.18MB / 317.88MB 22.7s
#20 sha256:a603338e5eef043fe02a27bbeaf62eb4d81d85b3310e498b82fdcaee754dfea1 317.88MB / 317.88MB 27.8s
#20 ...

#27 [namenode 2/2] RUN apt-get update && apt-get install -y openjdk-11-jdk wget && rm -rf /var/lib/apt/lists/*
#27 10.35 Fetched 45.7 MB in 8s (5626 kB/s)
#27 10.35 Reading package lists...
#27 ...

#20 [spark-master 1/4] FROM docker.io/apache/spark:3.4.1@sha256:39976de47b94dc5348ef23c9bf8e573db8b0700bf15dfc6c96d0cedd4fac56a0
#20 ...

#25 [tensorflow 1/3] FROM docker.io/tensorflow/tensorflow:2.13.0@sha256:f133c99eba6e59b921ea7543c81417cd831c9983f5d6ce65dff7adb0ec79d830
#25 sha256:4983425daedd245ee48fc06e80f4961c0485650d5283456475bcdd3b515e9d68 305.67MB / 305.67MB 22.1s
#25 sha256:eb5c0fde2e1919070e99581f3e7851ade4e605444c2ba6dfd43b60dbc4186dd3 112.23MB / 112.23MB 19.8s
#25 sha256:9e55d77b5a31fa78008f59b44c2077be246abcf06562d9811b9d7b597251a24b 39.01MB / 39.01MB 19.8s
#25 ...

#20 [spark-master 1/4] FROM docker.io/apache/spark:3.4.1@sha256:39976de47b94dc5348ef23c9bf8e573db8b0700bf15dfc6c96d0cedd4fac56a0
#20 sha256:a603338e5eef043fe02a27bbeaf62eb4d81d85b3310e498b82fdcaee754dfea1 317.88MB / 317.88MB 30.6s done
#20 extracting sha256:f0412dfb1aaea4892c13dab6f771bcd79641a4bdcb521ce881f5dcfc0df9a7a5 23.0s done
#20 extracting sha256:491508b827d83492c058d6e12e6ee1fe2f0e8328a6a5254f225537a15ef24bfe
#20 ...

#26 [jupyter 1/3] FROM docker.io/jupyter/base-notebook:latest@sha256:8c903974902b0e9d45d9823c2234411de0614c5c98c4bb782b3d4f55b3e435e6
#26 sha256:de2cdd875fa8d3fe6e191d8b1c0dd0bfb677cba16a0fe1a67dd66bef00da6dac 1.42kB / 1.42kB 0.7s done
#26 sha256:75d33599f5f251fdff33b1556b84d51b4bfef6781fe41672deea7a5fae31b57e 1.43kB / 1.43kB 0.7s done
#26 sha256:964fc3e4ff9f3bb80c77f28ca6318e4e121dc657731158efb42f322dd7f521c3 33.55MB / 137.74MB 4.2s
#26 sha256:d25166dcdc7b4776765e67e9b3548b023fb7bf2a9bd1d14746fa3d1d902279a0 30.50MB / 30.50MB 3.6s
#26 sha256:2c4c69587ee486a6d786449a71621bdcbc4ad1653c5f7f5848e0eb5a7deaa786 1.15kB / 1.15kB 0.1s done
#26 sha256:822c4cbcf6a6b7660f90516cd166125d55de917a2f18c086eee2abe52c1b7e9a 181B / 181B 0.5s done
#26 sha256:abaa8376a6502612b92e1750cee7aa450ef045e23a418077439a392b0c224f2e 17.83MB / 104.82MB 2.3s
#26 sha256:dc42adc7eb7398a8589bad907643f9b08467de588b3c2719c78302d5ec480446 276B / 276B 0.2s done
#26 sha256:a30f89a0af6c7f64872ff93f4a9445b9d25f1206982670a911b2c83b672f443a 151B / 151B 0.4s done
#26 sha256:77e45ee945dc8a1ce57be013482750833e7721903814e42510a3db2a05940aee 4.92kB / 4.92kB 0.5s
#26 sha256:abaa8376a6502612b92e1750cee7aa450ef045e23a418077439a392b0c224f2e 23.07MB / 104.82MB 3.0s
#26 sha256:d25166dcdc7b4776765e67e9b3548b023fb7bf2a9bd1d14746fa3d1d902279a0 30.50MB / 30.50MB 4.4s done
#26 sha256:964fc3e4ff9f3bb80c77f28ca6318e4e121dc657731158efb42f322dd7f521c3 41.94MB / 137.74MB 5.5s
#26 sha256:77e45ee945dc8a1ce57be013482750833e7721903814e42510a3db2a05940aee 4.92kB / 4.92kB 0.8s done
#26 sha256:ef8373d600b0ac4a916da50b72cb116efc56800836a264d1dd8ea8e07e76256d 1.92kB / 1.92kB 0.2s
#26 sha256:ef8373d600b0ac4a916da50b72cb116efc56800836a264d1dd8ea8e07e76256d 1.92kB / 1.92kB 0.2s done
#26 sha256:088f11eb1e74ae07b0c0cfefb7906e1821c0b84f00524cc8e4011c276fe7d2d7 679B / 679B 0.2s done
#26 sha256:abaa8376a6502612b92e1750cee7aa450ef045e23a418077439a392b0c224f2e 28.31MB / 104.82MB 4.1s
#26 sha256:fd92c719666cac5862b8ea1e034eeb038c7191d52d0ff468c0a90ed68c0420a4 1.05MB / 8.82MB 0.4s
#26 sha256:964fc3e4ff9f3bb80c77f28ca6318e4e121dc657731158efb42f322dd7f521c3 50.33MB / 137.74MB 6.2s
#26 sha256:fd92c719666cac5862b8ea1e034eeb038c7191d52d0ff468c0a90ed68c0420a4 2.10MB / 8.82MB 0.5s
#26 sha256:aece8493d3972efa43bfd4ee3cdba659c0f787f8f59c82fb3e48c87cbb22a12e 0B / 29.54MB 0.2s
#26 sha256:fd92c719666cac5862b8ea1e034eeb038c7191d52d0ff468c0a90ed68c0420a4 3.15MB / 8.82MB 0.6s
#26 sha256:aece8493d3972efa43bfd4ee3cdba659c0f787f8f59c82fb3e48c87cbb22a12e 2.10MB / 29.54MB 0.3s
#26 sha256:abaa8376a6502612b92e1750cee7aa450ef045e23a418077439a392b0c224f2e 33.55MB / 104.82MB 4.4s
#26 sha256:fd92c719666cac5862b8ea1e034eeb038c7191d52d0ff468c0a90ed68c0420a4 6.29MB / 8.82MB 1.1s
#26 sha256:aece8493d3972efa43bfd4ee3cdba659c0f787f8f59c82fb3e48c87cbb22a12e 4.01MB / 29.54MB 0.7s
#26 sha256:fd92c719666cac5862b8ea1e034eeb038c7191d52d0ff468c0a90ed68c0420a4 7.34MB / 8.82MB 1.2s
#26 sha256:964fc3e4ff9f3bb80c77f28ca6318e4e121dc657731158efb42f322dd7f521c3 59.77MB / 137.74MB 7.1s
#26 sha256:fd92c719666cac5862b8ea1e034eeb038c7191d52d0ff468c0a90ed68c0420a4 8.82MB / 8.82MB 1.4s
#26 sha256:aece8493d3972efa43bfd4ee3cdba659c0f787f8f59c82fb3e48c87cbb22a12e 7.34MB / 29.54MB 1.1s
#26 sha256:abaa8376a6502612b92e1750cee7aa450ef045e23a418077439a392b0c224f2e 38.80MB / 104.82MB 5.1s
#26 sha256:aece8493d3972efa43bfd4ee3cdba659c0f787f8f59c82fb3e48c87cbb22a12e 10.49MB / 29.54MB 1.2s
#26 sha256:aece8493d3972efa43bfd4ee3cdba659c0f787f8f59c82fb3e48c87cbb22a12e 12.58MB / 29.54MB 1.4s
#26 sha256:abaa8376a6502612b92e1750cee7aa450ef045e23a418077439a392b0c224f2e 44.04MB / 104.82MB 5.7s
#26 sha256:aece8493d3972efa43bfd4ee3cdba659c0f787f8f59c82fb3e48c87cbb22a12e 15.73MB / 29.54MB 1.8s
#26 sha256:964fc3e4ff9f3bb80c77f28ca6318e4e121dc657731158efb42f322dd7f521c3 69.21MB / 137.74MB 7.8s
#26 sha256:aece8493d3972efa43bfd4ee3cdba659c0f787f8f59c82fb3e48c87cbb22a12e 17.98MB / 29.54MB 2.0s
#26 sha256:abaa8376a6502612b92e1750cee7aa450ef045e23a418077439a392b0c224f2e 52.43MB / 104.82MB 6.0s
#26 sha256:fd92c719666cac5862b8ea1e034eeb038c7191d52d0ff468c0a90ed68c0420a4 8.82MB / 8.82MB 2.5s done
#26 sha256:aece8493d3972efa43bfd4ee3cdba659c0f787f8f59c82fb3e48c87cbb22a12e 22.02MB / 29.54MB 2.1s
#26 ...

#20 [spark-master 1/4] FROM docker.io/apache/spark:3.4.1@sha256:39976de47b94dc5348ef23c9bf8e573db8b0700bf15dfc6c96d0cedd4fac56a0
#20 extracting sha256:491508b827d83492c058d6e12e6ee1fe2f0e8328a6a5254f225537a15ef24bfe 8.6s done
#20 extracting sha256:1c1d6f5b86c355e0656c507178ce8f4719ba6d4640dd32454ae56a021577aff2
#20 ...

#25 [tensorflow 1/3] FROM docker.io/tensorflow/tensorflow:2.13.0@sha256:f133c99eba6e59b921ea7543c81417cd831c9983f5d6ce65dff7adb0ec79d830
#25 sha256:4983425daedd245ee48fc06e80f4961c0485650d5283456475bcdd3b515e9d68 305.67MB / 305.67MB 23.0s done
#25 sha256:eb5c0fde2e1919070e99581f3e7851ade4e605444c2ba6dfd43b60dbc4186dd3 112.23MB / 112.23MB 20.8s done
#25 sha256:9e55d77b5a31fa78008f59b44c2077be246abcf06562d9811b9d7b597251a24b 39.01MB / 39.01MB 20.8s done
#25 sha256:3b190c0764b5deb1d2bf4698571b95623bc8d11784572943a1eac8de8ffdfad1 164B / 164B 0.4s done
#25 sha256:01085d60b3a624c06a7132ff0749efc6e6565d9f2531d7685ff559fb5d0f669f 27.51MB / 27.51MB 3.8s done
#25 sha256:de96f27d948755d7ed0557a21364768e9d85eeabdd8ea7f9ae5de986dcdaef54 977B / 977B 0.4s done
#25 sha256:0d0dce5452b7074590ad5dc15e49d40ea82eb5c2304ec6d7861178c57b239fe6 768B / 768B 0.4s done
#25 extracting sha256:01085d60b3a624c06a7132ff0749efc6e6565d9f2531d7685ff559fb5d0f669f
#25 ...

#26 [jupyter 1/3] FROM docker.io/jupyter/base-notebook:latest@sha256:8c903974902b0e9d45d9823c2234411de0614c5c98c4bb782b3d4f55b3e435e6
#26 sha256:964fc3e4ff9f3bb80c77f28ca6318e4e121dc657731158efb42f322dd7f521c3 82.84MB / 137.74MB 8.7s
#26 sha256:abaa8376a6502612b92e1750cee7aa450ef045e23a418077439a392b0c224f2e 59.77MB / 104.82MB 6.8s
#26 sha256:aece8493d3972efa43bfd4ee3cdba659c0f787f8f59c82fb3e48c87cbb22a12e 29.54MB / 29.54MB 2.9s
#26 ...

#27 [namenode 2/2] RUN apt-get update && apt-get install -y openjdk-11-jdk wget && rm -rf /var/lib/apt/lists/*
#27 22.99 Reading package lists...
#27 28.46 Building dependency tree...
#27 29.68 Reading state information...
#27 31.02 The following additional packages will be installed:
#27 31.02   alsa-topology-conf alsa-ucm-conf at-spi2-core ca-certificates
#27 31.02   ca-certificates-java dbus dbus-user-session dconf-gsettings-backend
#27 31.02   dconf-service dmsetup fontconfig-config fonts-dejavu-core fonts-dejavu-extra
#27 31.02   gir1.2-glib-2.0 gsettings-desktop-schemas java-common libapparmor1
#27 31.02   libargon2-1 libasound2 libasound2-data libatk-bridge2.0-0
#27 31.02   libatk-wrapper-java libatk-wrapper-java-jni libatk1.0-0 libatk1.0-data
#27 31.02   libatspi2.0-0 libavahi-client3 libavahi-common-data libavahi-common3
#27 31.02   libbrotli1 libbsd0 libcryptsetup12 libcups2 libdbus-1-3 libdconf1
#27 31.02   libdevmapper1.02.1 libdrm-amdgpu1 libdrm-common libdrm-intel1
#27 31.02   libdrm-nouveau2 libdrm-radeon1 libdrm2 libedit2 libelf1 libexpat1
#27 31.02   libfontconfig1 libfontenc1 libfreetype6 libgif7 libgirepository-1.0-1 libgl1
#27 31.02   libgl1-amber-dri libgl1-mesa-dri libglapi-mesa libglib2.0-0 libglib2.0-data
#27 31.02   libglvnd0 libglx-mesa0 libglx0 libgraphite2-3 libharfbuzz0b libice-dev
#27 31.02   libice6 libicu70 libip4tc2 libjpeg-turbo8 libjpeg8 libjson-c5 libkmod2
#27 31.02   liblcms2-2 libllvm15 libmd0 libmpdec3 libnspr4 libnss-systemd libnss3
#27 31.02   libpam-systemd libpciaccess0 libpcsclite1 libpng16-16 libpsl5
#27 31.02   libpthread-stubs0-dev libpython3-stdlib libpython3.10-minimal
#27 31.02   libpython3.10-stdlib libreadline8 libsensors-config libsensors5 libsm-dev
#27 31.02   libsm6 libsqlite3-0 libx11-6 libx11-data libx11-dev libx11-xcb1 libxau-dev
#27 31.02   libxau6 libxaw7 libxcb-dri2-0 libxcb-dri3-0 libxcb-glx0 libxcb-present0
#27 31.02   libxcb-randr0 libxcb-shape0 libxcb-shm0 libxcb-sync1 libxcb-xfixes0 libxcb1
#27 31.02   libxcb1-dev libxcomposite1 libxdmcp-dev libxdmcp6 libxext6 libxfixes3
#27 31.02   libxft2 libxi6 libxinerama1 libxkbfile1 libxml2 libxmu6 libxmuu1 libxpm4
#27 31.02   libxrandr2 libxrender1 libxshmfence1 libxt-dev libxt6 libxtst6 libxv1
#27 31.02   libxxf86dga1 libxxf86vm1 media-types networkd-dispatcher
#27 31.02   openjdk-11-jdk-headless openjdk-11-jre openjdk-11-jre-headless openssl
#27 31.02   publicsuffix python3 python3-dbus python3-gi python3-minimal python3.10
#27 31.02   python3.10-minimal readline-common session-migration shared-mime-info
#27 31.02   systemd systemd-sysv systemd-timesyncd ucf x11-common x11-utils x11proto-dev
#27 31.02   xdg-user-dirs xorg-sgml-doctools xtrans-dev
#27 31.02 Suggested packages:
#27 31.02   default-jre libasound2-plugins alsa-utils cups-common libice-doc
#27 31.02   liblcms2-utils pciutils pcscd lm-sensors libsm-doc libx11-doc libxcb-doc
#27 31.02   libxt-doc iw | wireless-tools openjdk-11-demo openjdk-11-source visualvm
#27 31.02   libnss-mdns fonts-ipafont-gothic fonts-ipafont-mincho fonts-wqy-microhei
#27 31.02   | fonts-wqy-zenhei fonts-indic python3-doc python3-tk python3-venv
#27 31.02   python-dbus-doc python3.10-venv python3.10-doc binutils binfmt-support
#27 31.02   readline-doc systemd-container libfido2-1 libtss2-esys-3.0.2-0 libtss2-mu0
#27 31.02   libtss2-rc0 policykit-1 mesa-utils
#27 32.83 The following NEW packages will be installed:
#27 32.83   alsa-topology-conf alsa-ucm-conf at-spi2-core ca-certificates
#27 32.83   ca-certificates-java dbus dbus-user-session dconf-gsettings-backend
#27 32.83   dconf-service dmsetup fontconfig-config fonts-dejavu-core fonts-dejavu-extra
#27 32.83   gir1.2-glib-2.0 gsettings-desktop-schemas java-common libapparmor1
#27 32.83   libargon2-1 libasound2 libasound2-data libatk-bridge2.0-0
#27 32.83   libatk-wrapper-java libatk-wrapper-java-jni libatk1.0-0 libatk1.0-data
#27 32.83   libatspi2.0-0 libavahi-client3 libavahi-common-data libavahi-common3
#27 32.83   libbrotli1 libbsd0 libcryptsetup12 libcups2 libdbus-1-3 libdconf1
#27 32.83   libdevmapper1.02.1 libdrm-amdgpu1 libdrm-common libdrm-intel1
#27 32.83   libdrm-nouveau2 libdrm-radeon1 libdrm2 libedit2 libelf1 libexpat1
#27 32.83   libfontconfig1 libfontenc1 libfreetype6 libgif7 libgirepository-1.0-1 libgl1
#27 32.83   libgl1-amber-dri libgl1-mesa-dri libglapi-mesa libglib2.0-0 libglib2.0-data
#27 32.83   libglvnd0 libglx-mesa0 libglx0 libgraphite2-3 libharfbuzz0b libice-dev
#27 32.83   libice6 libicu70 libip4tc2 libjpeg-turbo8 libjpeg8 libjson-c5 libkmod2
#27 32.83   liblcms2-2 libllvm15 libmd0 libmpdec3 libnspr4 libnss-systemd libnss3
#27 32.83   libpam-systemd libpciaccess0 libpcsclite1 libpng16-16 libpsl5
#27 32.83   libpthread-stubs0-dev libpython3-stdlib libpython3.10-minimal
#27 32.83   libpython3.10-stdlib libreadline8 libsensors-config libsensors5 libsm-dev
#27 32.83   libsm6 libsqlite3-0 libx11-6 libx11-data libx11-dev libx11-xcb1 libxau-dev
#27 32.83   libxau6 libxaw7 libxcb-dri2-0 libxcb-dri3-0 libxcb-glx0 libxcb-present0
#27 32.83   libxcb-randr0 libxcb-shape0 libxcb-shm0 libxcb-sync1 libxcb-xfixes0 libxcb1
#27 32.83   libxcb1-dev libxcomposite1 libxdmcp-dev libxdmcp6 libxext6 libxfixes3
#27 32.83   libxft2 libxi6 libxinerama1 libxkbfile1 libxml2 libxmu6 libxmuu1 libxpm4
#27 32.83   libxrandr2 libxrender1 libxshmfence1 libxt-dev libxt6 libxtst6 libxv1
#27 32.83   libxxf86dga1 libxxf86vm1 media-types networkd-dispatcher openjdk-11-jdk
#27 32.83   openjdk-11-jdk-headless openjdk-11-jre openjdk-11-jre-headless openssl
#27 32.83   publicsuffix python3 python3-dbus python3-gi python3-minimal python3.10
#27 32.83   python3.10-minimal readline-common session-migration shared-mime-info
#27 32.83   systemd systemd-sysv systemd-timesyncd ucf wget x11-common x11-utils
#27 32.83   x11proto-dev xdg-user-dirs xorg-sgml-doctools xtrans-dev
#27 33.12 0 upgraded, 159 newly installed, 0 to remove and 1 not upgraded.
#27 33.12 Need to get 199 MB of archives.
#27 33.12 After this operation, 568 MB of additional disk space will be used.
#27 33.12 Get:1 http://archive.ubuntu.com/ubuntu jammy-updates/main amd64 libpython3.10-minimal amd64 3.10.12-1~22.04.15 [816 kB]
#27 ...

#26 [jupyter 1/3] FROM docker.io/jupyter/base-notebook:latest@sha256:8c903974902b0e9d45d9823c2234411de0614c5c98c4bb782b3d4f55b3e435e6
#26 sha256:abaa8376a6502612b92e1750cee7aa450ef045e23a418077439a392b0c224f2e 67.11MB / 104.82MB 7.5s
#26 sha256:aece8493d3972efa43bfd4ee3cdba659c0f787f8f59c82fb3e48c87cbb22a12e 29.54MB / 29.54MB 3.6s done
#26 sha256:964fc3e4ff9f3bb80c77f28ca6318e4e121dc657731158efb42f322dd7f521c3 95.42MB / 137.74MB 9.8s
#26 sha256:abaa8376a6502612b92e1750cee7aa450ef045e23a418077439a392b0c224f2e 72.35MB / 104.82MB 7.7s
#26 sha256:abaa8376a6502612b92e1750cee7aa450ef045e23a418077439a392b0c224f2e 77.59MB / 104.82MB 8.0s
#26 sha256:964fc3e4ff9f3bb80c77f28ca6318e4e121dc657731158efb42f322dd7f521c3 102.76MB / 137.74MB 10.4s
#26 sha256:abaa8376a6502612b92e1750cee7aa450ef045e23a418077439a392b0c224f2e 84.28MB / 104.82MB 8.4s
#26 sha256:abaa8376a6502612b92e1750cee7aa450ef045e23a418077439a392b0c224f2e 90.18MB / 104.82MB 8.9s
#26 sha256:964fc3e4ff9f3bb80c77f28ca6318e4e121dc657731158efb42f322dd7f521c3 113.25MB / 137.74MB 11.0s
#26 sha256:abaa8376a6502612b92e1750cee7aa450ef045e23a418077439a392b0c224f2e 95.42MB / 104.82MB 9.0s
#26 sha256:964fc3e4ff9f3bb80c77f28ca6318e4e121dc657731158efb42f322dd7f521c3 121.63MB / 137.74MB 11.3s
#26 sha256:abaa8376a6502612b92e1750cee7aa450ef045e23a418077439a392b0c224f2e 103.81MB / 104.82MB 9.4s
#26 sha256:964fc3e4ff9f3bb80c77f28ca6318e4e121dc657731158efb42f322dd7f521c3 136.31MB / 137.74MB 11.9s
#26 extracting sha256:aece8493d3972efa43bfd4ee3cdba659c0f787f8f59c82fb3e48c87cbb22a12e
#26 sha256:abaa8376a6502612b92e1750cee7aa450ef045e23a418077439a392b0c224f2e 104.82MB / 104.82MB 14.6s
#26 sha256:964fc3e4ff9f3bb80c77f28ca6318e4e121dc657731158efb42f322dd7f521c3 137.74MB / 137.74MB 17.0s
#26 sha256:964fc3e4ff9f3bb80c77f28ca6318e4e121dc657731158efb42f322dd7f521c3 137.74MB / 137.74MB 18.3s done
#26 ...

#25 [tensorflow 1/3] FROM docker.io/tensorflow/tensorflow:2.13.0@sha256:f133c99eba6e59b921ea7543c81417cd831c9983f5d6ce65dff7adb0ec79d830
#25 extracting sha256:01085d60b3a624c06a7132ff0749efc6e6565d9f2531d7685ff559fb5d0f669f 14.9s done
#25 extracting sha256:de96f27d948755d7ed0557a21364768e9d85eeabdd8ea7f9ae5de986dcdaef54
#25 extracting sha256:de96f27d948755d7ed0557a21364768e9d85eeabdd8ea7f9ae5de986dcdaef54 0.1s done
#25 extracting sha256:0d0dce5452b7074590ad5dc15e49d40ea82eb5c2304ec6d7861178c57b239fe6
#25 ...

#24 [airflow 1/2] FROM docker.io/apache/airflow:2.7.0@sha256:7a1d5453d5511e662d093c534dbab9417a3210af162e81e4c51056dd2c01a84e
#24 sha256:a90b2834ebf466940233e07fa01866381ba814849b4c9319007556ba1663e0cf 174B / 174B 1.4s done
#24 sha256:6d19a77e37e1694629489ad5ecf79b9163709ae41d95b393f7b7bdc046621db6 419B / 419B 8.8s done
#24 sha256:a8716366df095b3613409cdd08c308e5102c9dd31d79af7bc3f58da6998f06df 6.72kB / 6.72kB 4.8s done
#24 sha256:79fae023c644089a8ed318e699bc90e44adda8621d8e84056ed593d73f0a5c43 421B / 421B 0.1s done
#24 sha256:8ce1ae1758b6c0e66933d80a485a81de61607b24674d95c7aaeed1358db9e311 0B / 114B 0.2s
#24 sha256:65df45c4e1d577c08dd3e5f3934cb1109b8d74b76d96a1cfafedb9c406b68fdd 0B / 538B 0.2s
#24 ...

#27 [namenode 2/2] RUN apt-get update && apt-get install -y openjdk-11-jdk wget && rm -rf /var/lib/apt/lists/*
#27 33.73 Get:2 http://archive.ubuntu.com/ubuntu jammy-updates/main amd64 libexpat1 amd64 2.4.7-1ubuntu0.7 [92.1 kB]
#27 33.84 Get:3 http://archive.ubuntu.com/ubuntu jammy-updates/main amd64 python3.10-minimal amd64 3.10.12-1~22.04.15 [2275 kB]
#27 33.94 Get:4 http://archive.ubuntu.com/ubuntu jammy-updates/main amd64 python3-minimal amd64 3.10.6-1~22.04.1 [24.3 kB]
#27 34.04 Get:5 http://archive.ubuntu.com/ubuntu jammy/main amd64 media-types all 7.0.0 [25.5 kB]
#27 34.36 Get:6 http://archive.ubuntu.com/ubuntu jammy/main amd64 libmpdec3 amd64 2.5.1-2build2 [86.8 kB]
#27 34.36 Get:7 http://archive.ubuntu.com/ubuntu jammy/main amd64 readline-common all 8.1.2-1 [53.5 kB]
#27 34.56 Get:8 http://archive.ubuntu.com/ubuntu jammy/main amd64 libreadline8 amd64 8.1.2-1 [153 kB]
#27 34.57 Get:9 http://archive.ubuntu.com/ubuntu jammy-updates/main amd64 libsqlite3-0 amd64 3.37.2-2ubuntu0.5 [643 kB]
#27 34.63 Get:10 http://archive.ubuntu.com/ubuntu jammy-updates/main amd64 libpython3.10-stdlib amd64 3.10.12-1~22.04.15 [1850 kB]
#27 36.38 Get:11 http://archive.ubuntu.com/ubuntu jammy-updates/main amd64 python3.10 amd64 3.10.12-1~22.04.15 [508 kB]
#27 36.44 Get:12 http://archive.ubuntu.com/ubuntu jammy-updates/main amd64 libpython3-stdlib amd64 3.10.6-1~22.04.1 [6812 B]
#27 36.61 Get:13 http://archive.ubuntu.com/ubuntu jammy-updates/main amd64 python3 amd64 3.10.6-1~22.04.1 [22.8 kB]
#27 36.62 Get:14 http://archive.ubuntu.com/ubuntu jammy-updates/main amd64 libapparmor1 amd64 3.0.4-2ubuntu2.5 [39.6 kB]
#27 36.63 Get:15 http://archive.ubuntu.com/ubuntu jammy/main amd64 libargon2-1 amd64 0~20171227-0.3 [19.5 kB]
#27 36.67 Get:16 http://archive.ubuntu.com/ubuntu jammy-updates/main amd64 libdevmapper1.02.1 amd64 2:1.02.175-2.1ubuntu5 [139 kB]
#27 36.87 Get:17 http://archive.ubuntu.com/ubuntu jammy-updates/main amd64 libjson-c5 amd64 0.15-3~ubuntu1.22.04.2 [33.5 kB]
#27 37.14 Get:18 http://archive.ubuntu.com/ubuntu jammy-updates/main amd64 libcryptsetup12 amd64 2:2.4.3-1ubuntu1.3 [211 kB]
#27 37.14 Get:19 http://archive.ubuntu.com/ubuntu jammy-updates/main amd64 libip4tc2 amd64 1.8.7-1ubuntu5.2 [19.9 kB]
#27 37.15 Get:20 http://archive.ubuntu.com/ubuntu jammy-updates/main amd64 libkmod2 amd64 29-1ubuntu1.1 [48.1 kB]
#27 37.16 Get:21 http://archive.ubuntu.com/ubuntu jammy-updates/main amd64 systemd amd64 249.11-0ubuntu3.20 [4585 kB]
#27 37.92 Get:22 http://archive.ubuntu.com/ubuntu jammy-updates/main amd64 systemd-sysv amd64 249.11-0ubuntu3.20 [10.5 kB]
#27 37.94 Get:23 http://archive.ubuntu.com/ubuntu jammy-updates/main amd64 openssl amd64 3.0.2-0ubuntu1.23 [1186 kB]
#27 38.02 Get:24 http://archive.ubuntu.com/ubuntu jammy-updates/main amd64 ca-certificates all 20240203~22.04.1 [162 kB]
#27 38.04 Get:25 http://archive.ubuntu.com/ubuntu jammy-updates/main amd64 libdbus-1-3 amd64 1.12.20-2ubuntu4.1 [189 kB]
#27 38.07 Get:26 http://archive.ubuntu.com/ubuntu jammy-updates/main amd64 dbus amd64 1.12.20-2ubuntu4.1 [158 kB]
#27 38.08 Get:27 http://archive.ubuntu.com/ubuntu jammy-updates/main amd64 dmsetup amd64 2:1.02.175-2.1ubuntu5 [81.7 kB]
#27 38.10 Get:28 http://archive.ubuntu.com/ubuntu jammy-updates/main amd64 libglib2.0-0 amd64 2.72.4-0ubuntu2.9 [1467 kB]
#27 38.70 Get:29 http://archive.ubuntu.com/ubuntu jammy/main amd64 libgirepository-1.0-1 amd64 1.72.0-1 [55.6 kB]
#27 38.78 Get:30 http://archive.ubuntu.com/ubuntu jammy/main amd64 gir1.2-glib-2.0 amd64 1.72.0-1 [164 kB]
#27 38.79 Get:31 http://archive.ubuntu.com/ubuntu jammy/main amd64 libmd0 amd64 1.0.4-1build1 [23.0 kB]
#27 38.79 Get:32 http://archive.ubuntu.com/ubuntu jammy/main amd64 libbsd0 amd64 0.11.5-1 [44.8 kB]
#27 38.80 Get:33 http://archive.ubuntu.com/ubuntu jammy-updates/main amd64 libelf1 amd64 0.186-1ubuntu0.1 [51.1 kB]
#27 38.80 Get:34 http://archive.ubuntu.com/ubuntu jammy-updates/main amd64 libglib2.0-data all 2.72.4-0ubuntu2.9 [5088 B]
#27 38.80 Get:35 http://archive.ubuntu.com/ubuntu jammy/main amd64 libicu70 amd64 70.1-2 [10.6 MB]
#27 39.05 Get:36 http://archive.ubuntu.com/ubuntu jammy-updates/main amd64 libnss-systemd amd64 249.11-0ubuntu3.20 [133 kB]
#27 39.05 Get:37 http://archive.ubuntu.com/ubuntu jammy-updates/main amd64 libpam-systemd amd64 249.11-0ubuntu3.20 [203 kB]
#27 39.05 Get:38 http://archive.ubuntu.com/ubuntu jammy-updates/main amd64 libxml2 amd64 2.9.13+dfsg-1ubuntu0.11 [765 kB]
#27 39.07 Get:39 http://archive.ubuntu.com/ubuntu jammy/main amd64 python3-dbus amd64 1.2.18-3build1 [99.5 kB]
#27 39.07 Get:40 http://archive.ubuntu.com/ubuntu jammy-updates/main amd64 python3-gi amd64 3.42.1-0ubuntu1 [229 kB]
#27 39.07 Get:41 http://archive.ubuntu.com/ubuntu jammy-updates/main amd64 networkd-dispatcher all 2.1-2ubuntu0.22.04.2 [15.8 kB]
#27 39.08 Get:42 http://archive.ubuntu.com/ubuntu jammy/main amd64 shared-mime-info amd64 2.1-2 [454 kB]
#27 39.09 Get:43 http://archive.ubuntu.com/ubuntu jammy-updates/main amd64 systemd-timesyncd amd64 249.11-0ubuntu3.20 [31.2 kB]
#27 39.09 Get:44 http://archive.ubuntu.com/ubuntu jammy/main amd64 ucf all 3.0043 [56.1 kB]
#27 39.09 Get:45 http://archive.ubuntu.com/ubuntu jammy/main amd64 xdg-user-dirs amd64 0.17-2ubuntu4 [53.9 kB]
#27 39.11 Get:46 http://archive.ubuntu.com/ubuntu jammy-updates/main amd64 libdrm-common all 2.4.113-2~ubuntu0.22.04.1 [5450 B]
#27 39.11 Get:47 http://archive.ubuntu.com/ubuntu jammy-updates/main amd64 libdrm2 amd64 2.4.113-2~ubuntu0.22.04.1 [38.1 kB]
#27 39.11 Get:48 http://archive.ubuntu.com/ubuntu jammy/main amd64 libedit2 amd64 3.1-20210910-1build1 [96.8 kB]
#27 39.12 Get:49 http://archive.ubuntu.com/ubuntu jammy-updates/main amd64 libpng16-16 amd64 1.6.37-3ubuntu0.4 [192 kB]
#27 39.13 Get:50 http://archive.ubuntu.com/ubuntu jammy/main amd64 libpsl5 amd64 0.21.0-1.2build2 [58.4 kB]
#27 39.13 Get:51 http://archive.ubuntu.com/ubuntu jammy/main amd64 libxau6 amd64 1:1.0.9-1build5 [7634 B]
#27 39.14 Get:52 http://archive.ubuntu.com/ubuntu jammy/main amd64 libxdmcp6 amd64 1:1.1.3-0ubuntu5 [10.9 kB]
#27 39.14 Get:53 http://archive.ubuntu.com/ubuntu jammy/main amd64 libxcb1 amd64 1.14-3ubuntu3 [49.0 kB]
#27 39.15 Get:54 http://archive.ubuntu.com/ubuntu jammy-updates/main amd64 libx11-data all 2:1.7.5-1ubuntu0.3 [120 kB]
#27 39.16 Get:55 http://archive.ubuntu.com/ubuntu jammy-updates/main amd64 libx11-6 amd64 2:1.7.5-1ubuntu0.3 [667 kB]
#27 39.17 Get:56 http://archive.ubuntu.com/ubuntu jammy/main amd64 libxext6 amd64 2:1.3.4-1build1 [31.8 kB]
#27 39.17 Get:57 http://archive.ubuntu.com/ubuntu jammy/main amd64 libxmuu1 amd64 2:1.1.3-3 [10.2 kB]
#27 39.17 Get:58 http://archive.ubuntu.com/ubuntu jammy/main amd64 publicsuffix all 20211207.1025-1 [129 kB]
#27 39.18 Get:59 http://archive.ubuntu.com/ubuntu jammy-updates/main amd64 wget amd64 1.21.2-2ubuntu1.1 [339 kB]
#27 39.18 Get:60 http://archive.ubuntu.com/ubuntu jammy/main amd64 alsa-topology-conf all 1.2.5.1-2 [15.5 kB]
#27 39.18 Get:61 http://archive.ubuntu.com/ubuntu jammy-updates/main amd64 libasound2-data all 1.2.6.1-1ubuntu1.1 [19.3 kB]
#27 39.20 Get:62 http://archive.ubuntu.com/ubuntu jammy-updates/main amd64 libasound2 amd64 1.2.6.1-1ubuntu1.1 [391 kB]
#27 39.21 Get:63 http://archive.ubuntu.com/ubuntu jammy-updates/main amd64 alsa-ucm-conf all 1.2.6.3-1ubuntu1.12 [43.5 kB]
#27 39.21 Get:64 http://archive.ubuntu.com/ubuntu jammy/main amd64 libxi6 amd64 2:1.8-1build1 [32.6 kB]
#27 39.22 Get:65 http://archive.ubuntu.com/ubuntu jammy/main amd64 libatspi2.0-0 amd64 2.44.0-3 [80.9 kB]
#27 39.34 Get:66 http://archive.ubuntu.com/ubuntu jammy/main amd64 x11-common all 1:7.7+23ubuntu2 [23.4 kB]
#27 39.36 Get:67 http://archive.ubuntu.com/ubuntu jammy/main amd64 libxtst6 amd64 2:1.2.3-1build4 [13.4 kB]
#27 39.36 Get:68 http://archive.ubuntu.com/ubuntu jammy-updates/main amd64 dbus-user-session amd64 1.12.20-2ubuntu4.1 [9442 B]
#27 39.36 Get:69 http://archive.ubuntu.com/ubuntu jammy-updates/main amd64 libdconf1 amd64 0.40.0-3ubuntu0.1 [40.5 kB]
#27 39.43 Get:70 http://archive.ubuntu.com/ubuntu jammy-updates/main amd64 dconf-service amd64 0.40.0-3ubuntu0.1 [28.1 kB]
#27 39.43 Get:71 http://archive.ubuntu.com/ubuntu jammy-updates/main amd64 dconf-gsettings-backend amd64 0.40.0-3ubuntu0.1 [22.7 kB]
#27 39.43 Get:72 http://archive.ubuntu.com/ubuntu jammy/main amd64 session-migration amd64 0.3.6 [9774 B]
#27 39.43 Get:73 http://archive.ubuntu.com/ubuntu jammy/main amd64 gsettings-desktop-schemas all 42.0-1ubuntu1 [31.1 kB]
#27 39.45 Get:74 http://archive.ubuntu.com/ubuntu jammy/main amd64 at-spi2-core amd64 2.44.0-3 [54.4 kB]
#27 39.50 Get:75 http://archive.ubuntu.com/ubuntu jammy/main amd64 java-common all 0.72build2 [6782 B]
#27 39.50 Get:76 http://archive.ubuntu.com/ubuntu jammy-updates/main amd64 libavahi-common-data amd64 0.8-5ubuntu5.4 [24.0 kB]
#27 39.51 Get:77 http://archive.ubuntu.com/ubuntu jammy-updates/main amd64 libavahi-common3 amd64 0.8-5ubuntu5.4 [23.9 kB]
#27 39.53 Get:78 http://archive.ubuntu.com/ubuntu jammy-updates/main amd64 libavahi-client3 amd64 0.8-5ubuntu5.4 [28.0 kB]
#27 39.53 Get:79 http://archive.ubuntu.com/ubuntu jammy-updates/main amd64 libcups2 amd64 2.4.1op1-1ubuntu4.16 [264 kB]
#27 39.55 Get:80 http://archive.ubuntu.com/ubuntu jammy/main amd64 libbrotli1 amd64 1.0.9-2build6 [315 kB]
#27 39.55 Get:81 http://archive.ubuntu.com/ubuntu jammy-updates/main amd64 libfreetype6 amd64 2.11.1+dfsg-1ubuntu0.3 [388 kB]
#27 39.56 Get:82 http://archive.ubuntu.com/ubuntu jammy/main amd64 fonts-dejavu-core all 2.37-2build1 [1041 kB]
#27 39.58 Get:83 http://archive.ubuntu.com/ubuntu jammy/main amd64 fontconfig-config all 2.13.1-4.2ubuntu5 [29.1 kB]
#27 39.58 Get:84 http://archive.ubuntu.com/ubuntu jammy/main amd64 libfontconfig1 amd64 2.13.1-4.2ubuntu5 [131 kB]
#27 39.59 Get:85 http://archive.ubuntu.com/ubuntu jammy-updates/main amd64 liblcms2-2 amd64 2.12~rc1-2ubuntu0.1 [159 kB]
#27 39.59 Get:86 http://archive.ubuntu.com/ubuntu jammy/main amd64 libjpeg-turbo8 amd64 2.1.2-0ubuntu1 [134 kB]
#27 39.60 Get:87 http://archive.ubuntu.com/ubuntu jammy/main amd64 libjpeg8 amd64 8c-2ubuntu10 [2264 B]
#27 39.60 Get:88 http://archive.ubuntu.com/ubuntu jammy-updates/main amd64 libnspr4 amd64 2:4.35-0ubuntu0.22.04.1 [119 kB]
#27 39.62 Get:89 http://archive.ubuntu.com/ubuntu jammy-updates/main amd64 libnss3 amd64 2:3.98-0ubuntu0.22.04.3 [1347 kB]
#27 39.65 Get:90 http://archive.ubuntu.com/ubuntu jammy/main amd64 libgraphite2-3 amd64 1.3.14-1build2 [71.3 kB]
#27 39.66 Get:91 http://archive.ubuntu.com/ubuntu jammy-updates/main amd64 libharfbuzz0b amd64 2.7.4-1ubuntu3.2 [353 kB]
#27 39.66 Get:92 http://archive.ubuntu.com/ubuntu jammy-updates/main amd64 libpcsclite1 amd64 1.9.5-3ubuntu1 [19.8 kB]
#27 39.66 Get:93 http://archive.ubuntu.com/ubuntu jammy-updates/main amd64 openjdk-11-jre-headless amd64 11.0.30+7-1ubuntu1~22.04 [42.6 MB]
#27 40.28 Get:94 http://archive.ubuntu.com/ubuntu jammy-updates/main amd64 ca-certificates-java all 20190909ubuntu1.3 [12.3 kB]
#27 40.28 Get:95 http://archive.ubuntu.com/ubuntu jammy/main amd64 fonts-dejavu-extra all 2.37-2build1 [2041 kB]
#27 40.31 Get:96 http://archive.ubuntu.com/ubuntu jammy/main amd64 libatk1.0-data all 2.36.0-3build1 [2824 B]
#27 40.32 Get:97 http://archive.ubuntu.com/ubuntu jammy/main amd64 libatk1.0-0 amd64 2.36.0-3build1 [51.9 kB]
#27 40.32 Get:98 http://archive.ubuntu.com/ubuntu jammy/main amd64 libatk-bridge2.0-0 amd64 2.38.0-3 [66.6 kB]
#27 40.34 Get:99 http://archive.ubuntu.com/ubuntu jammy/main amd64 libfontenc1 amd64 1:1.1.4-1build3 [14.7 kB]
#27 40.34 Get:100 http://archive.ubuntu.com/ubuntu jammy/main amd64 libglvnd0 amd64 1.4.0-1 [73.6 kB]
#27 40.34 Get:101 http://archive.ubuntu.com/ubuntu jammy-updates/main amd64 libglapi-mesa amd64 23.2.1-1ubuntu3.1~22.04.3 [35.4 kB]
#27 40.56 Get:102 http://archive.ubuntu.com/ubuntu jammy-updates/main amd64 libx11-xcb1 amd64 2:1.7.5-1ubuntu0.3 [7802 B]
#27 40.65 Get:103 http://archive.ubuntu.com/ubuntu jammy/main amd64 libxcb-dri2-0 amd64 1.14-3ubuntu3 [7206 B]
#27 40.68 Get:104 http://archive.ubuntu.com/ubuntu jammy/main amd64 libxcb-dri3-0 amd64 1.14-3ubuntu3 [6968 B]
#27 40.69 Get:105 http://archive.ubuntu.com/ubuntu jammy/main amd64 libxcb-glx0 amd64 1.14-3ubuntu3 [25.9 kB]
#27 41.05 Get:106 http://archive.ubuntu.com/ubuntu jammy/main amd64 libxcb-present0 amd64 1.14-3ubuntu3 [5734 B]
#27 41.13 Get:107 http://archive.ubuntu.com/ubuntu jammy/main amd64 libxcb-randr0 amd64 1.14-3ubuntu3 [18.3 kB]
#27 41.13 Get:108 http://archive.ubuntu.com/ubuntu jammy/main amd64 libxcb-shm0 amd64 1.14-3ubuntu3 [5780 B]
#27 41.13 Get:109 http://archive.ubuntu.com/ubuntu jammy/main amd64 libxcb-sync1 amd64 1.14-3ubuntu3 [9416 B]
#27 41.13 Get:110 http://archive.ubuntu.com/ubuntu jammy/main amd64 libxcb-xfixes0 amd64 1.14-3ubuntu3 [9996 B]
#27 41.13 Get:111 http://archive.ubuntu.com/ubuntu jammy/main amd64 libxfixes3 amd64 1:6.0.0-1 [11.7 kB]
#27 41.13 Get:112 http://archive.ubuntu.com/ubuntu jammy/main amd64 libxshmfence1 amd64 1.3-1build4 [5394 B]
#27 41.13 Get:113 http://archive.ubuntu.com/ubuntu jammy/main amd64 libxxf86vm1 amd64 1:1.1.4-1build3 [10.4 kB]
#27 41.13 Get:114 http://archive.ubuntu.com/ubuntu jammy-updates/main amd64 libdrm-amdgpu1 amd64 2.4.113-2~ubuntu0.22.04.1 [19.9 kB]
#27 41.21 Get:115 http://archive.ubuntu.com/ubuntu jammy/main amd64 libpciaccess0 amd64 0.16-3 [19.1 kB]
#27 41.29 Get:116 http://archive.ubuntu.com/ubuntu jammy-updates/main amd64 libdrm-intel1 amd64 2.4.113-2~ubuntu0.22.04.1 [66.7 kB]
#27 41.31 Get:117 http://archive.ubuntu.com/ubuntu jammy-updates/main amd64 libdrm-nouveau2 amd64 2.4.113-2~ubuntu0.22.04.1 [17.5 kB]
#27 41.32 Get:118 http://archive.ubuntu.com/ubuntu jammy-updates/main amd64 libdrm-radeon1 amd64 2.4.113-2~ubuntu0.22.04.1 [21.6 kB]
#27 41.33 Get:119 http://archive.ubuntu.com/ubuntu jammy-updates/main amd64 libllvm15 amd64 1:15.0.7-0ubuntu0.22.04.3 [25.4 MB]
#27 ...

#24 [airflow 1/2] FROM docker.io/apache/airflow:2.7.0@sha256:7a1d5453d5511e662d093c534dbab9417a3210af162e81e4c51056dd2c01a84e
#24 sha256:8ce1ae1758b6c0e66933d80a485a81de61607b24674d95c7aaeed1358db9e311 114B / 114B 0.6s
#24 sha256:65df45c4e1d577c08dd3e5f3934cb1109b8d74b76d96a1cfafedb9c406b68fdd 538B / 538B 0.6s
#24 sha256:786ff8177bcfeaef10aadaa27b77fc86d7157e65107bf74bddf46ebcb4f5a141 292B / 292B 0.9s
#24 sha256:2cadef48ea3d5227b9e8165c69250820afdfe3fe91863f04510b1574b79bc910 0B / 5.25kB 1.7s
#24 sha256:2cadef48ea3d5227b9e8165c69250820afdfe3fe91863f04510b1574b79bc910 5.25kB / 5.25kB 1.8s
#24 sha256:8ce1ae1758b6c0e66933d80a485a81de61607b24674d95c7aaeed1358db9e311 114B / 114B 3.4s done
#24 sha256:65df45c4e1d577c08dd3e5f3934cb1109b8d74b76d96a1cfafedb9c406b68fdd 538B / 538B 3.4s done
#24 sha256:786ff8177bcfeaef10aadaa27b77fc86d7157e65107bf74bddf46ebcb4f5a141 292B / 292B 3.3s done
#24 sha256:2cadef48ea3d5227b9e8165c69250820afdfe3fe91863f04510b1574b79bc910 5.25kB / 5.25kB 3.3s done
#24 sha256:00bdec6ceb03d5372278d16d959f7ac4fd2ab993413ce5a35b9cf042e206ca67 0B / 473B 0.2s
#24 sha256:3a2c61bfef891b763b53a95024ccf78c321b34e8928f6306914352e3b617b2ff 3.87kB / 3.87kB 0.2s
#24 sha256:c5d2d9f1ad21601847a7129f6599e1374e543e83ad2b36d3ad1bb2fca51e0a07 0B / 44.91MB 0.2s
#24 sha256:498d44849ec9c9d678c88b3699dbf1d500d4f8a69d10cae1d220ea5cd99124a8 0B / 250.69MB 0.2s
#24 sha256:3a2c61bfef891b763b53a95024ccf78c321b34e8928f6306914352e3b617b2ff 3.87kB / 3.87kB 0.2s done
#24 sha256:00bdec6ceb03d5372278d16d959f7ac4fd2ab993413ce5a35b9cf042e206ca67 473B / 473B 0.3s done
#24 sha256:c5d2d9f1ad21601847a7129f6599e1374e543e83ad2b36d3ad1bb2fca51e0a07 3.15MB / 44.91MB 1.0s
#24 sha256:c915ebe27708a6e39d35ea487cd35c9e2df02d3ffbb6bdf4250a44d2a403ee83 0B / 2.50kB 0.4s
#24 sha256:c915ebe27708a6e39d35ea487cd35c9e2df02d3ffbb6bdf4250a44d2a403ee83 2.50kB / 2.50kB 0.5s done
#24 sha256:8808ff32b75266ca8de586790afac9c54c86251cf5321b19051e255dd5118934 967B / 967B 0.5s done
#24 sha256:c5d2d9f1ad21601847a7129f6599e1374e543e83ad2b36d3ad1bb2fca51e0a07 8.39MB / 44.91MB 1.2s
#24 sha256:469d0413d3e6260f113d148f1b39474abec4f46d7ae39b84412d272b790c4d4f 1.28kB / 1.28kB 0.2s done
#24 sha256:a0a1304531f605f2407c9ac061752c87327838d542ab30c90b03273cf63dcd95 0B / 58.39MB 0.2s
#24 sha256:c5d2d9f1ad21601847a7129f6599e1374e543e83ad2b36d3ad1bb2fca51e0a07 12.58MB / 44.91MB 1.4s
#24 sha256:498d44849ec9c9d678c88b3699dbf1d500d4f8a69d10cae1d220ea5cd99124a8 14.68MB / 250.69MB 1.4s
#24 sha256:5d7f11ed02280e0fae4d37129292ddd5e0ecd27d6c5d70ebf4f9b69818ed8f6e 0B / 3.14MB 0.5s
#24 sha256:c5d2d9f1ad21601847a7129f6599e1374e543e83ad2b36d3ad1bb2fca51e0a07 15.73MB / 44.91MB 2.0s
#24 sha256:a0a1304531f605f2407c9ac061752c87327838d542ab30c90b03273cf63dcd95 3.69MB / 58.39MB 0.9s
#24 sha256:5d7f11ed02280e0fae4d37129292ddd5e0ecd27d6c5d70ebf4f9b69818ed8f6e 3.14MB / 3.14MB 0.8s
#24 sha256:a0a1304531f605f2407c9ac061752c87327838d542ab30c90b03273cf63dcd95 6.87MB / 58.39MB 1.3s
#24 sha256:c5d2d9f1ad21601847a7129f6599e1374e543e83ad2b36d3ad1bb2fca51e0a07 19.92MB / 44.91MB 2.5s
#24 sha256:c5d2d9f1ad21601847a7129f6599e1374e543e83ad2b36d3ad1bb2fca51e0a07 24.12MB / 44.91MB 2.7s
#24 sha256:a0a1304531f605f2407c9ac061752c87327838d542ab30c90b03273cf63dcd95 12.58MB / 58.39MB 1.7s
#24 sha256:c5d2d9f1ad21601847a7129f6599e1374e543e83ad2b36d3ad1bb2fca51e0a07 27.26MB / 44.91MB 2.9s
#24 sha256:498d44849ec9c9d678c88b3699dbf1d500d4f8a69d10cae1d220ea5cd99124a8 27.26MB / 250.69MB 2.9s
#24 sha256:a0a1304531f605f2407c9ac061752c87327838d542ab30c90b03273cf63dcd95 16.78MB / 58.39MB 2.0s
#24 sha256:c5d2d9f1ad21601847a7129f6599e1374e543e83ad2b36d3ad1bb2fca51e0a07 30.41MB / 44.91MB 3.3s
#24 sha256:c5d2d9f1ad21601847a7129f6599e1374e543e83ad2b36d3ad1bb2fca51e0a07 32.79MB / 44.91MB 3.6s
#24 sha256:a0a1304531f605f2407c9ac061752c87327838d542ab30c90b03273cf63dcd95 20.97MB / 58.39MB 2.6s
#24 sha256:c5d2d9f1ad21601847a7129f6599e1374e543e83ad2b36d3ad1bb2fca51e0a07 35.65MB / 44.91MB 4.5s
#24 sha256:5d7f11ed02280e0fae4d37129292ddd5e0ecd27d6c5d70ebf4f9b69818ed8f6e 3.14MB / 3.14MB 2.6s done
#24 sha256:a0a1304531f605f2407c9ac061752c87327838d542ab30c90b03273cf63dcd95 24.12MB / 58.39MB 3.5s
#24 sha256:1380d9064e44b63757b9c76fc2d5dee25ec34e536ad574d02823c4549527b2f8 0B / 243B 0.2s
#24 sha256:a0a1304531f605f2407c9ac061752c87327838d542ab30c90b03273cf63dcd95 27.26MB / 58.39MB 3.6s
#24 sha256:1380d9064e44b63757b9c76fc2d5dee25ec34e536ad574d02823c4549527b2f8 243B / 243B 0.3s
#24 sha256:c5d2d9f1ad21601847a7129f6599e1374e543e83ad2b36d3ad1bb2fca51e0a07 39.85MB / 44.91MB 4.9s
#24 sha256:498d44849ec9c9d678c88b3699dbf1d500d4f8a69d10cae1d220ea5cd99124a8 40.90MB / 250.69MB 4.9s
#24 sha256:c5d2d9f1ad21601847a7129f6599e1374e543e83ad2b36d3ad1bb2fca51e0a07 42.99MB / 44.91MB 5.3s
#24 sha256:a0a1304531f605f2407c9ac061752c87327838d542ab30c90b03273cf63dcd95 31.46MB / 58.39MB 4.2s
#24 sha256:a0a1304531f605f2407c9ac061752c87327838d542ab30c90b03273cf63dcd95 35.65MB / 58.39MB 4.9s
#24 sha256:498d44849ec9c9d678c88b3699dbf1d500d4f8a69d10cae1d220ea5cd99124a8 58.72MB / 250.69MB 6.3s
#24 sha256:a0a1304531f605f2407c9ac061752c87327838d542ab30c90b03273cf63dcd95 40.32MB / 58.39MB 5.1s
#24 sha256:a0a1304531f605f2407c9ac061752c87327838d542ab30c90b03273cf63dcd95 46.14MB / 58.39MB 5.3s
#24 sha256:a0a1304531f605f2407c9ac061752c87327838d542ab30c90b03273cf63dcd95 50.33MB / 58.39MB 5.4s
#24 ...

#26 [jupyter 1/3] FROM docker.io/jupyter/base-notebook:latest@sha256:8c903974902b0e9d45d9823c2234411de0614c5c98c4bb782b3d4f55b3e435e6
#26 sha256:abaa8376a6502612b92e1750cee7aa450ef045e23a418077439a392b0c224f2e 104.82MB / 104.82MB 16.3s done
#26 ...

#24 [airflow 1/2] FROM docker.io/apache/airflow:2.7.0@sha256:7a1d5453d5511e662d093c534dbab9417a3210af162e81e4c51056dd2c01a84e
#24 sha256:a0a1304531f605f2407c9ac061752c87327838d542ab30c90b03273cf63dcd95 53.48MB / 58.39MB 5.8s
#24 sha256:1380d9064e44b63757b9c76fc2d5dee25ec34e536ad574d02823c4549527b2f8 243B / 243B 1.2s done
#24 sha256:498d44849ec9c9d678c88b3699dbf1d500d4f8a69d10cae1d220ea5cd99124a8 72.99MB / 250.69MB 7.1s
#24 sha256:a0a1304531f605f2407c9ac061752c87327838d542ab30c90b03273cf63dcd95 58.39MB / 58.39MB 6.0s
#24 sha256:498d44849ec9c9d678c88b3699dbf1d500d4f8a69d10cae1d220ea5cd99124a8 87.97MB / 250.69MB 7.4s
#24 ...

#27 [namenode 2/2] RUN apt-get update && apt-get install -y openjdk-11-jdk wget && rm -rf /var/lib/apt/lists/*
#27 42.87 Get:120 http://archive.ubuntu.com/ubuntu jammy/main amd64 libsensors-config all 1:3.6.0-7ubuntu1 [5274 B]
#27 42.87 Get:121 http://archive.ubuntu.com/ubuntu jammy/main amd64 libsensors5 amd64 1:3.6.0-7ubuntu1 [26.3 kB]
#27 42.87 Get:122 http://archive.ubuntu.com/ubuntu jammy-updates/main amd64 libgl1-mesa-dri amd64 23.2.1-1ubuntu3.1~22.04.3 [8860 kB]
#27 43.63 Get:123 http://archive.ubuntu.com/ubuntu jammy-updates/main amd64 libglx-mesa0 amd64 23.2.1-1ubuntu3.1~22.04.3 [158 kB]
#27 43.86 Get:124 http://archive.ubuntu.com/ubuntu jammy/main amd64 libglx0 amd64 1.4.0-1 [41.0 kB]
#27 43.86 Get:125 http://archive.ubuntu.com/ubuntu jammy/main amd64 libgl1 amd64 1.4.0-1 [110 kB]
#27 43.92 Get:126 http://archive.ubuntu.com/ubuntu jammy/main amd64 libice6 amd64 2:1.0.10-1build2 [42.6 kB]
#27 44.26 Get:127 http://archive.ubuntu.com/ubuntu jammy/main amd64 libsm6 amd64 2:1.2.3-1build2 [16.7 kB]
#27 44.26 Get:128 http://archive.ubuntu.com/ubuntu jammy/main amd64 libxt6 amd64 1:1.2.1-1 [177 kB]
#27 44.32 Get:129 http://archive.ubuntu.com/ubuntu jammy/main amd64 libxmu6 amd64 2:1.1.3-3 [49.6 kB]
#27 44.34 Get:130 http://archive.ubuntu.com/ubuntu jammy-updates/main amd64 libxpm4 amd64 1:3.5.12-1ubuntu0.22.04.2 [36.7 kB]
#27 44.34 Get:131 http://archive.ubuntu.com/ubuntu jammy/main amd64 libxaw7 amd64 2:1.0.14-1 [191 kB]
#27 44.34 Get:132 http://archive.ubuntu.com/ubuntu jammy/main amd64 libxcb-shape0 amd64 1.14-3ubuntu3 [6158 B]
#27 44.34 Get:133 http://archive.ubuntu.com/ubuntu jammy/main amd64 libxcomposite1 amd64 1:0.4.5-1build2 [7192 B]
#27 44.34 Get:134 http://archive.ubuntu.com/ubuntu jammy/main amd64 libxrender1 amd64 1:0.9.10-1build4 [19.7 kB]
#27 44.34 Get:135 http://archive.ubuntu.com/ubuntu jammy/main amd64 libxft2 amd64 2.3.4-1 [41.8 kB]
#27 44.40 Get:136 http://archive.ubuntu.com/ubuntu jammy/main amd64 libxinerama1 amd64 2:1.1.4-3 [7382 B]
#27 44.41 Get:137 http://archive.ubuntu.com/ubuntu jammy/main amd64 libxkbfile1 amd64 1:1.1.0-1build3 [71.8 kB]
#27 44.48 Get:138 http://archive.ubuntu.com/ubuntu jammy/main amd64 libxrandr2 amd64 2:1.5.2-1build1 [20.4 kB]
#27 44.48 Get:139 http://archive.ubuntu.com/ubuntu jammy/main amd64 libxv1 amd64 2:1.0.11-1build2 [11.2 kB]
#27 44.48 Get:140 http://archive.ubuntu.com/ubuntu jammy/main amd64 libxxf86dga1 amd64 2:1.1.5-0ubuntu3 [12.6 kB]
#27 44.48 Get:141 http://archive.ubuntu.com/ubuntu jammy/main amd64 x11-utils amd64 7.7+5build2 [206 kB]
#27 44.49 Get:142 http://archive.ubuntu.com/ubuntu jammy/main amd64 libatk-wrapper-java all 0.38.0-5build1 [53.1 kB]
#27 44.49 Get:143 http://archive.ubuntu.com/ubuntu jammy/main amd64 libatk-wrapper-java-jni amd64 0.38.0-5build1 [49.0 kB]
#27 44.49 Get:144 http://archive.ubuntu.com/ubuntu jammy-updates/main amd64 libgif7 amd64 5.1.9-2ubuntu0.1 [33.9 kB]
#27 44.49 Get:145 http://archive.ubuntu.com/ubuntu jammy-updates/main amd64 libgl1-amber-dri amd64 21.3.9-0ubuntu1~22.04.1 [4218 kB]
#27 44.76 Get:146 http://archive.ubuntu.com/ubuntu jammy/main amd64 xorg-sgml-doctools all 1:1.11-1.1 [10.9 kB]
#27 44.76 Get:147 http://archive.ubuntu.com/ubuntu jammy/main amd64 x11proto-dev all 2021.5-1 [604 kB]
#27 44.76 Get:148 http://archive.ubuntu.com/ubuntu jammy/main amd64 libice-dev amd64 2:1.0.10-1build2 [51.4 kB]
#27 44.76 Get:149 http://archive.ubuntu.com/ubuntu jammy/main amd64 libpthread-stubs0-dev amd64 0.4-1build2 [5516 B]
#27 44.76 Get:150 http://archive.ubuntu.com/ubuntu jammy/main amd64 libsm-dev amd64 2:1.2.3-1build2 [18.1 kB]
#27 44.76 Get:151 http://archive.ubuntu.com/ubuntu jammy/main amd64 libxau-dev amd64 1:1.0.9-1build5 [9724 B]
#27 44.76 Get:152 http://archive.ubuntu.com/ubuntu jammy/main amd64 libxdmcp-dev amd64 1:1.1.3-0ubuntu5 [26.5 kB]
#27 44.76 Get:153 http://archive.ubuntu.com/ubuntu jammy/main amd64 xtrans-dev all 1.4.0-1 [68.9 kB]
#27 44.76 Get:154 http://archive.ubuntu.com/ubuntu jammy/main amd64 libxcb1-dev amd64 1.14-3ubuntu3 [86.5 kB]
#27 44.88 Get:155 http://archive.ubuntu.com/ubuntu jammy-updates/main amd64 libx11-dev amd64 2:1.7.5-1ubuntu0.3 [744 kB]
#27 44.90 Get:156 http://archive.ubuntu.com/ubuntu jammy/main amd64 libxt-dev amd64 1:1.2.1-1 [396 kB]
#27 44.90 Get:157 http://archive.ubuntu.com/ubuntu jammy-updates/main amd64 openjdk-11-jre amd64 11.0.30+7-1ubuntu1~22.04 [214 kB]
#27 44.91 Get:158 http://archive.ubuntu.com/ubuntu jammy-updates/main amd64 openjdk-11-jdk-headless amd64 11.0.30+7-1ubuntu1~22.04 [73.7 MB]
#27 48.09 Get:159 http://archive.ubuntu.com/ubuntu jammy-updates/main amd64 openjdk-11-jdk amd64 11.0.30+7-1ubuntu1~22.04 [2926 kB]
#27 ...

#24 [airflow 1/2] FROM docker.io/apache/airflow:2.7.0@sha256:7a1d5453d5511e662d093c534dbab9417a3210af162e81e4c51056dd2c01a84e
#24 sha256:498d44849ec9c9d678c88b3699dbf1d500d4f8a69d10cae1d220ea5cd99124a8 103.81MB / 250.69MB 8.0s
#24 sha256:9f47238bf54c1d67c633a35b1051c06e5187d17d8709bc3c070d84ff4fc2588c 1.05MB / 12.90MB 0.7s
#24 sha256:9f47238bf54c1d67c633a35b1051c06e5187d17d8709bc3c070d84ff4fc2588c 12.90MB / 12.90MB 0.8s
#24 sha256:498d44849ec9c9d678c88b3699dbf1d500d4f8a69d10cae1d220ea5cd99124a8 121.63MB / 250.69MB 8.7s
#24 sha256:498d44849ec9c9d678c88b3699dbf1d500d4f8a69d10cae1d220ea5cd99124a8 134.22MB / 250.69MB 9.3s
#24 ...

#25 [tensorflow 1/3] FROM docker.io/tensorflow/tensorflow:2.13.0@sha256:f133c99eba6e59b921ea7543c81417cd831c9983f5d6ce65dff7adb0ec79d830
#25 extracting sha256:0d0dce5452b7074590ad5dc15e49d40ea82eb5c2304ec6d7861178c57b239fe6 3.2s done
#25 extracting sha256:3b190c0764b5deb1d2bf4698571b95623bc8d11784572943a1eac8de8ffdfad1 0.3s done
#25 extracting sha256:9e55d77b5a31fa78008f59b44c2077be246abcf06562d9811b9d7b597251a24b
#25 ...

#20 [spark-master 1/4] FROM docker.io/apache/spark:3.4.1@sha256:39976de47b94dc5348ef23c9bf8e573db8b0700bf15dfc6c96d0cedd4fac56a0
#20 extracting sha256:1c1d6f5b86c355e0656c507178ce8f4719ba6d4640dd32454ae56a021577aff2 13.6s done
#20 extracting sha256:6b8c9ad9fc2c5ff99353581f54c02e5ccfc7a745f9d254b89b2a76ab4b5a1388 0.4s done
#20 extracting sha256:6918cafc331bb5df59296f859c891ab904690384936d5d50c6cd0f58557b96a5 0.2s done
#20 extracting sha256:cb67ec5db688c33b5070f1d46f377c5261b16d2919ed654bc2a23e4abdcde02a
#20 ...

#24 [airflow 1/2] FROM docker.io/apache/airflow:2.7.0@sha256:7a1d5453d5511e662d093c534dbab9417a3210af162e81e4c51056dd2c01a84e
#24 sha256:c5d2d9f1ad21601847a7129f6599e1374e543e83ad2b36d3ad1bb2fca51e0a07 44.91MB / 44.91MB 10.7s
#24 sha256:498d44849ec9c9d678c88b3699dbf1d500d4f8a69d10cae1d220ea5cd99124a8 163.58MB / 250.69MB 10.8s
#24 sha256:498d44849ec9c9d678c88b3699dbf1d500d4f8a69d10cae1d220ea5cd99124a8 177.21MB / 250.69MB 11.0s
#24 sha256:498d44849ec9c9d678c88b3699dbf1d500d4f8a69d10cae1d220ea5cd99124a8 191.89MB / 250.69MB 11.1s
#24 sha256:498d44849ec9c9d678c88b3699dbf1d500d4f8a69d10cae1d220ea5cd99124a8 214.96MB / 250.69MB 11.7s
#24 sha256:498d44849ec9c9d678c88b3699dbf1d500d4f8a69d10cae1d220ea5cd99124a8 228.59MB / 250.69MB 11.9s
#24 sha256:a0a1304531f605f2407c9ac061752c87327838d542ab30c90b03273cf63dcd95 58.39MB / 58.39MB 11.0s
#24 sha256:498d44849ec9c9d678c88b3699dbf1d500d4f8a69d10cae1d220ea5cd99124a8 250.69MB / 250.69MB 12.5s
#24 sha256:9f47238bf54c1d67c633a35b1051c06e5187d17d8709bc3c070d84ff4fc2588c 12.90MB / 12.90MB 5.9s
#24 sha256:c5d2d9f1ad21601847a7129f6599e1374e543e83ad2b36d3ad1bb2fca51e0a07 44.91MB / 44.91MB 16.0s
#24 sha256:a0a1304531f605f2407c9ac061752c87327838d542ab30c90b03273cf63dcd95 58.39MB / 58.39MB 16.1s
#24 sha256:498d44849ec9c9d678c88b3699dbf1d500d4f8a69d10cae1d220ea5cd99124a8 250.69MB / 250.69MB 17.6s
#24 ...

#26 [jupyter 1/3] FROM docker.io/jupyter/base-notebook:latest@sha256:8c903974902b0e9d45d9823c2234411de0614c5c98c4bb782b3d4f55b3e435e6
#26 extracting sha256:aece8493d3972efa43bfd4ee3cdba659c0f787f8f59c82fb3e48c87cbb22a12e 26.7s done
#26 DONE 72.1s

#24 [airflow 1/2] FROM docker.io/apache/airflow:2.7.0@sha256:7a1d5453d5511e662d093c534dbab9417a3210af162e81e4c51056dd2c01a84e
#24 sha256:c5d2d9f1ad21601847a7129f6599e1374e543e83ad2b36d3ad1bb2fca51e0a07 44.91MB / 44.91MB 17.7s done
#24 ...

#20 [spark-master 1/4] FROM docker.io/apache/spark:3.4.1@sha256:39976de47b94dc5348ef23c9bf8e573db8b0700bf15dfc6c96d0cedd4fac56a0
#20 extracting sha256:cb67ec5db688c33b5070f1d46f377c5261b16d2919ed654bc2a23e4abdcde02a 17.1s done
#20 extracting sha256:a603338e5eef043fe02a27bbeaf62eb4d81d85b3310e498b82fdcaee754dfea1
#20 ...

#26 [jupyter 1/3] FROM docker.io/jupyter/base-notebook:latest@sha256:8c903974902b0e9d45d9823c2234411de0614c5c98c4bb782b3d4f55b3e435e6
#26 extracting sha256:fd92c719666cac5862b8ea1e034eeb038c7191d52d0ff468c0a90ed68c0420a4 4.8s done
#26 DONE 76.9s

#26 [jupyter 1/3] FROM docker.io/jupyter/base-notebook:latest@sha256:8c903974902b0e9d45d9823c2234411de0614c5c98c4bb782b3d4f55b3e435e6
#26 extracting sha256:088f11eb1e74ae07b0c0cfefb7906e1821c0b84f00524cc8e4011c276fe7d2d7 0.1s done
#26 extracting sha256:4f4fb700ef54461cfa02571ae0db9a0dc1e0cdb5577484a6d75e68dc38e8acc1
#26 extracting sha256:4f4fb700ef54461cfa02571ae0db9a0dc1e0cdb5577484a6d75e68dc38e8acc1 0.4s done
#26 DONE 77.4s

#24 [airflow 1/2] FROM docker.io/apache/airflow:2.7.0@sha256:7a1d5453d5511e662d093c534dbab9417a3210af162e81e4c51056dd2c01a84e
#24 sha256:498d44849ec9c9d678c88b3699dbf1d500d4f8a69d10cae1d220ea5cd99124a8 250.69MB / 250.69MB 17.9s done
#24 sha256:a0a1304531f605f2407c9ac061752c87327838d542ab30c90b03273cf63dcd95 58.39MB / 58.39MB 16.8s done
#24 sha256:9f47238bf54c1d67c633a35b1051c06e5187d17d8709bc3c070d84ff4fc2588c 12.90MB / 12.90MB 10.1s done
#24 sha256:7d676dc8a994c0e4184cd6cfbc4b1540eea31846375a23864db3bb9effab24c0 1.08MB / 1.08MB 0.6s done
#24 sha256:14726c8f78342865030f97a8d3492e2d1a68fbd22778f9a31dc6be4b4f12a9bc 31.42MB / 31.42MB 1.9s done
#24 extracting sha256:14726c8f78342865030f97a8d3492e2d1a68fbd22778f9a31dc6be4b4f12a9bc
#24 ...

#26 [jupyter 1/3] FROM docker.io/jupyter/base-notebook:latest@sha256:8c903974902b0e9d45d9823c2234411de0614c5c98c4bb782b3d4f55b3e435e6
#26 extracting sha256:ef8373d600b0ac4a916da50b72cb116efc56800836a264d1dd8ea8e07e76256d 0.1s done
#26 extracting sha256:77e45ee945dc8a1ce57be013482750833e7721903814e42510a3db2a05940aee 0.1s done
#26 DONE 77.6s

#27 [namenode 2/2] RUN apt-get update && apt-get install -y openjdk-11-jdk wget && rm -rf /var/lib/apt/lists/*
#27 63.00 debconf: delaying package configuration, since apt-utils is not installed
#27 63.12 Fetched 199 MB in 15s (13.0 MB/s)
#27 63.63 Selecting previously unselected package libpython3.10-minimal:amd64.
#27 63.63 (Reading database ... (Reading database ... 5%(Reading database ... 10%(Reading database ... 15%(Reading database ... 20%(Reading database ... 25%(Reading database ... 30%(Reading database ... 35%(Reading database ... 40%(Reading database ... 45%(Reading database ... 50%(Reading database ... 55%(Reading database ... 60%(Reading database ... 65%(Reading database ... 70%(Reading database ... 75%(Reading database ... 80%(Reading database ... 85%(Reading database ... 90%(Reading database ... 95%(Reading database ... 100%(Reading database ... 4393 files and directories currently installed.)
#27 63.86 Preparing to unpack .../libpython3.10-minimal_3.10.12-1~22.04.15_amd64.deb ...
#27 63.87 Unpacking libpython3.10-minimal:amd64 (3.10.12-1~22.04.15) ...
#27 65.05 Selecting previously unselected package libexpat1:amd64.
#27 65.06 Preparing to unpack .../libexpat1_2.4.7-1ubuntu0.7_amd64.deb ...
#27 65.07 Unpacking libexpat1:amd64 (2.4.7-1ubuntu0.7) ...
#27 65.13 Selecting previously unselected package python3.10-minimal.
#27 65.13 Preparing to unpack .../python3.10-minimal_3.10.12-1~22.04.15_amd64.deb ...
#27 65.16 Unpacking python3.10-minimal (3.10.12-1~22.04.15) ...
#27 65.94 Setting up libpython3.10-minimal:amd64 (3.10.12-1~22.04.15) ...
#27 65.97 Setting up libexpat1:amd64 (2.4.7-1ubuntu0.7) ...
#27 65.99 Setting up python3.10-minimal (3.10.12-1~22.04.15) ...
#27 68.59 Selecting previously unselected package python3-minimal.
#27 68.59 (Reading database ... (Reading database ... 5%(Reading database ... 10%(Reading database ... 15%(Reading database ... 20%(Reading database ... 25%(Reading database ... 30%(Reading database ... 35%(Reading database ... 40%(Reading database ... 45%(Reading database ... 50%(Reading database ... 55%(Reading database ... 60%(Reading database ... 65%(Reading database ... 70%(Reading database ... 75%(Reading database ... 80%(Reading database ... 85%(Reading database ... 90%(Reading database ... 95%(Reading database ... 100%(Reading database ... 4697 files and directories currently installed.)
#27 68.60 Preparing to unpack .../0-python3-minimal_3.10.6-1~22.04.1_amd64.deb ...
#27 68.61 Unpacking python3-minimal (3.10.6-1~22.04.1) ...
#27 68.66 Selecting previously unselected package media-types.
#27 68.66 Preparing to unpack .../1-media-types_7.0.0_all.deb ...
#27 68.67 Unpacking media-types (7.0.0) ...
#27 ...

#26 [jupyter 1/3] FROM docker.io/jupyter/base-notebook:latest@sha256:8c903974902b0e9d45d9823c2234411de0614c5c98c4bb782b3d4f55b3e435e6
#26 extracting sha256:a30f89a0af6c7f64872ff93f4a9445b9d25f1206982670a911b2c83b672f443a 0.1s done
#26 extracting sha256:dc42adc7eb7398a8589bad907643f9b08467de588b3c2719c78302d5ec480446 0.4s done
#26 DONE 78.0s

#25 [tensorflow 1/3] FROM docker.io/tensorflow/tensorflow:2.13.0@sha256:f133c99eba6e59b921ea7543c81417cd831c9983f5d6ce65dff7adb0ec79d830
#25 extracting sha256:9e55d77b5a31fa78008f59b44c2077be246abcf06562d9811b9d7b597251a24b 17.7s done
#25 extracting sha256:eb5c0fde2e1919070e99581f3e7851ade4e605444c2ba6dfd43b60dbc4186dd3
#25 ...

#27 [namenode 2/2] RUN apt-get update && apt-get install -y openjdk-11-jdk wget && rm -rf /var/lib/apt/lists/*
#27 69.11 Selecting previously unselected package libmpdec3:amd64.
#27 69.11 Preparing to unpack .../2-libmpdec3_2.5.1-2build2_amd64.deb ...
#27 69.12 Unpacking libmpdec3:amd64 (2.5.1-2build2) ...
#27 69.18 Selecting previously unselected package readline-common.
#27 69.18 Preparing to unpack .../3-readline-common_8.1.2-1_all.deb ...
#27 69.19 Unpacking readline-common (8.1.2-1) ...
#27 69.26 Selecting previously unselected package libreadline8:amd64.
#27 69.26 Preparing to unpack .../4-libreadline8_8.1.2-1_amd64.deb ...
#27 69.26 Unpacking libreadline8:amd64 (8.1.2-1) ...
#27 69.34 Selecting previously unselected package libsqlite3-0:amd64.
#27 69.35 Preparing to unpack .../5-libsqlite3-0_3.37.2-2ubuntu0.5_amd64.deb ...
#27 69.35 Unpacking libsqlite3-0:amd64 (3.37.2-2ubuntu0.5) ...
#27 69.86 Selecting previously unselected package libpython3.10-stdlib:amd64.
#27 69.86 Preparing to unpack .../6-libpython3.10-stdlib_3.10.12-1~22.04.15_amd64.deb ...
#27 69.87 Unpacking libpython3.10-stdlib:amd64 (3.10.12-1~22.04.15) ...
#27 70.13 Selecting previously unselected package python3.10.
#27 70.14 Preparing to unpack .../7-python3.10_3.10.12-1~22.04.15_amd64.deb ...
#27 70.51 Unpacking python3.10 (3.10.12-1~22.04.15) ...
#27 70.60 Selecting previously unselected package libpython3-stdlib:amd64.
#27 70.60 Preparing to unpack .../8-libpython3-stdlib_3.10.6-1~22.04.1_amd64.deb ...
#27 70.61 Unpacking libpython3-stdlib:amd64 (3.10.6-1~22.04.1) ...
#27 70.69 Setting up python3-minimal (3.10.6-1~22.04.1) ...
#27 71.50 Selecting previously unselected package python3.
#27 71.50 (Reading database ... (Reading database ... 5%(Reading database ... 10%(Reading database ... 15%(Reading database ... 20%(Reading database ... 25%(Reading database ... 30%(Reading database ... 35%(Reading database ... 40%(Reading database ... 45%(Reading database ... 50%(Reading database ... 55%(Reading database ... 60%(Reading database ... 65%(Reading database ... 70%(Reading database ... 75%(Reading database ... 80%(Reading database ... 85%(Reading database ... 90%(Reading database ... 95%(Reading database ... 100%(Reading database ... 5127 files and directories currently installed.)
#27 71.51 Preparing to unpack .../0-python3_3.10.6-1~22.04.1_amd64.deb ...
#27 71.53 Unpacking python3 (3.10.6-1~22.04.1) ...
#27 71.61 Selecting previously unselected package libapparmor1:amd64.
#27 71.61 Preparing to unpack .../1-libapparmor1_3.0.4-2ubuntu2.5_amd64.deb ...
#27 71.62 Unpacking libapparmor1:amd64 (3.0.4-2ubuntu2.5) ...
#27 74.50 Selecting previously unselected package libargon2-1:amd64.
#27 74.50 Preparing to unpack .../2-libargon2-1_0~20171227-0.3_amd64.deb ...
#27 74.50 Unpacking libargon2-1:amd64 (0~20171227-0.3) ...
#27 74.55 Selecting previously unselected package libdevmapper1.02.1:amd64.
#27 74.55 Preparing to unpack .../3-libdevmapper1.02.1_2%3a1.02.175-2.1ubuntu5_amd64.deb ...
#27 74.56 Unpacking libdevmapper1.02.1:amd64 (2:1.02.175-2.1ubuntu5) ...
#27 74.62 Selecting previously unselected package libjson-c5:amd64.
#27 74.62 Preparing to unpack .../4-libjson-c5_0.15-3~ubuntu1.22.04.2_amd64.deb ...
#27 74.64 Unpacking libjson-c5:amd64 (0.15-3~ubuntu1.22.04.2) ...
#27 74.68 Selecting previously unselected package libcryptsetup12:amd64.
#27 74.68 Preparing to unpack .../5-libcryptsetup12_2%3a2.4.3-1ubuntu1.3_amd64.deb ...
#27 74.69 Unpacking libcryptsetup12:amd64 (2:2.4.3-1ubuntu1.3) ...
#27 74.76 Selecting previously unselected package libip4tc2:amd64.
#27 74.77 Preparing to unpack .../6-libip4tc2_1.8.7-1ubuntu5.2_amd64.deb ...
#27 74.78 Unpacking libip4tc2:amd64 (1.8.7-1ubuntu5.2) ...
#27 75.30 Selecting previously unselected package libkmod2:amd64.
#27 75.30 Preparing to unpack .../7-libkmod2_29-1ubuntu1.1_amd64.deb ...
#27 75.31 Unpacking libkmod2:amd64 (29-1ubuntu1.1) ...
#27 75.39 Selecting previously unselected package systemd.
#27 75.40 Preparing to unpack .../8-systemd_249.11-0ubuntu3.20_amd64.deb ...
#27 75.45 Unpacking systemd (249.11-0ubuntu3.20) ...
#27 76.56 Setting up libapparmor1:amd64 (3.0.4-2ubuntu2.5) ...
#27 ...

#24 [airflow 1/2] FROM docker.io/apache/airflow:2.7.0@sha256:7a1d5453d5511e662d093c534dbab9417a3210af162e81e4c51056dd2c01a84e
#24 extracting sha256:14726c8f78342865030f97a8d3492e2d1a68fbd22778f9a31dc6be4b4f12a9bc 11.6s done
#24 DONE 85.5s

#27 [namenode 2/2] RUN apt-get update && apt-get install -y openjdk-11-jdk wget && rm -rf /var/lib/apt/lists/*
#27 76.58 Setting up libargon2-1:amd64 (0~20171227-0.3) ...
#27 76.59 Setting up libdevmapper1.02.1:amd64 (2:1.02.175-2.1ubuntu5) ...
#27 76.60 Setting up libjson-c5:amd64 (0.15-3~ubuntu1.22.04.2) ...
#27 76.60 Setting up libcryptsetup12:amd64 (2:2.4.3-1ubuntu1.3) ...
#27 76.61 Setting up libip4tc2:amd64 (1.8.7-1ubuntu5.2) ...
#27 76.62 Setting up libkmod2:amd64 (29-1ubuntu1.1) ...
#27 76.63 Setting up systemd (249.11-0ubuntu3.20) ...
#27 ...

#26 [jupyter 1/3] FROM docker.io/jupyter/base-notebook:latest@sha256:8c903974902b0e9d45d9823c2234411de0614c5c98c4bb782b3d4f55b3e435e6
#26 extracting sha256:4f4fb700ef54461cfa02571ae0db9a0dc1e0cdb5577484a6d75e68dc38e8acc1 0.1s done
#26 extracting sha256:abaa8376a6502612b92e1750cee7aa450ef045e23a418077439a392b0c224f2e
#26 ...

#27 [namenode 2/2] RUN apt-get update && apt-get install -y openjdk-11-jdk wget && rm -rf /var/lib/apt/lists/*
#27 76.70 Created symlink /etc/systemd/system/getty.target.wants/getty@tty1.service → /lib/systemd/system/getty@.service.
#27 76.72 Created symlink /etc/systemd/system/multi-user.target.wants/remote-fs.target → /lib/systemd/system/remote-fs.target.
#27 76.74 Created symlink /etc/systemd/system/dbus-org.freedesktop.resolve1.service → /lib/systemd/system/systemd-resolved.service.
#27 76.74 Created symlink /etc/systemd/system/multi-user.target.wants/systemd-resolved.service → /lib/systemd/system/systemd-resolved.service.
#27 76.74 ln: failed to create symbolic link '/etc/resolv.conf': Device or resource busy
#27 76.75 Created symlink /etc/systemd/system/sysinit.target.wants/systemd-pstore.service → /lib/systemd/system/systemd-pstore.service.
#27 77.17 Initializing machine ID from random generator.
#27 ...

#24 [airflow 1/2] FROM docker.io/apache/airflow:2.7.0@sha256:7a1d5453d5511e662d093c534dbab9417a3210af162e81e4c51056dd2c01a84e
#24 extracting sha256:7d676dc8a994c0e4184cd6cfbc4b1540eea31846375a23864db3bb9effab24c0 3.0s done
#24 DONE 88.6s

#24 [airflow 1/2] FROM docker.io/apache/airflow:2.7.0@sha256:7a1d5453d5511e662d093c534dbab9417a3210af162e81e4c51056dd2c01a84e
#24 extracting sha256:9f47238bf54c1d67c633a35b1051c06e5187d17d8709bc3c070d84ff4fc2588c
#24 ...

#27 [namenode 2/2] RUN apt-get update && apt-get install -y openjdk-11-jdk wget && rm -rf /var/lib/apt/lists/*
#27 85.77 Selecting previously unselected package systemd-sysv.
#27 85.77 (Reading database ... (Reading database ... 5%(Reading database ... 10%(Reading database ... 15%(Reading database ... 20%(Reading database ... 25%(Reading database ... 30%(Reading database ... 35%(Reading database ... 40%(Reading database ... 45%(Reading database ... 50%(Reading database ... 55%(Reading database ... 60%(Reading database ... 65%(Reading database ... 70%(Reading database ... 75%(Reading database ... 80%(Reading database ... 85%(Reading database ... 90%(Reading database ... 95%(Reading database ... 100%(Reading database ... 5966 files and directories currently installed.)
#27 85.78 Preparing to unpack .../000-systemd-sysv_249.11-0ubuntu3.20_amd64.deb ...
#27 85.78 Unpacking systemd-sysv (249.11-0ubuntu3.20) ...
#27 85.90 Selecting previously unselected package openssl.
#27 85.90 Preparing to unpack .../001-openssl_3.0.2-0ubuntu1.23_amd64.deb ...
#27 85.91 Unpacking openssl (3.0.2-0ubuntu1.23) ...
#27 86.44 Selecting previously unselected package ca-certificates.
#27 86.44 Preparing to unpack .../002-ca-certificates_20240203~22.04.1_all.deb ...
#27 86.44 Unpacking ca-certificates (20240203~22.04.1) ...
#27 86.59 Selecting previously unselected package libdbus-1-3:amd64.
#27 ...

#24 [airflow 1/2] FROM docker.io/apache/airflow:2.7.0@sha256:7a1d5453d5511e662d093c534dbab9417a3210af162e81e4c51056dd2c01a84e
#24 extracting sha256:9f47238bf54c1d67c633a35b1051c06e5187d17d8709bc3c070d84ff4fc2588c 6.9s done
#24 extracting sha256:1380d9064e44b63757b9c76fc2d5dee25ec34e536ad574d02823c4549527b2f8 0.1s done
#24 DONE 95.6s

#27 [namenode 2/2] RUN apt-get update && apt-get install -y openjdk-11-jdk wget && rm -rf /var/lib/apt/lists/*
#27 86.60 Preparing to unpack .../003-libdbus-1-3_1.12.20-2ubuntu4.1_amd64.deb ...
#27 86.60 Unpacking libdbus-1-3:amd64 (1.12.20-2ubuntu4.1) ...
#27 86.70 Selecting previously unselected package dbus.
#27 86.70 Preparing to unpack .../004-dbus_1.12.20-2ubuntu4.1_amd64.deb ...
#27 86.86 Unpacking dbus (1.12.20-2ubuntu4.1) ...
#27 87.21 Selecting previously unselected package dmsetup.
#27 87.21 Preparing to unpack .../005-dmsetup_2%3a1.02.175-2.1ubuntu5_amd64.deb ...
#27 87.22 Unpacking dmsetup (2:1.02.175-2.1ubuntu5) ...
#27 87.31 Selecting previously unselected package libglib2.0-0:amd64.
#27 87.31 Preparing to unpack .../006-libglib2.0-0_2.72.4-0ubuntu2.9_amd64.deb ...
#27 87.32 Unpacking libglib2.0-0:amd64 (2.72.4-0ubuntu2.9) ...
#27 87.82 Selecting previously unselected package libgirepository-1.0-1:amd64.
#27 87.83 Preparing to unpack .../007-libgirepository-1.0-1_1.72.0-1_amd64.deb ...
#27 87.83 Unpacking libgirepository-1.0-1:amd64 (1.72.0-1) ...
#27 91.87 Selecting previously unselected package gir1.2-glib-2.0:amd64.
#27 91.88 Preparing to unpack .../008-gir1.2-glib-2.0_1.72.0-1_amd64.deb ...
#27 91.88 Unpacking gir1.2-glib-2.0:amd64 (1.72.0-1) ...
#27 91.94 Selecting previously unselected package libmd0:amd64.
#27 91.94 Preparing to unpack .../009-libmd0_1.0.4-1build1_amd64.deb ...
#27 91.94 Unpacking libmd0:amd64 (1.0.4-1build1) ...
#27 91.97 Selecting previously unselected package libbsd0:amd64.
#27 91.97 Preparing to unpack .../010-libbsd0_0.11.5-1_amd64.deb ...
#27 91.97 Unpacking libbsd0:amd64 (0.11.5-1) ...
#27 92.00 Selecting previously unselected package libelf1:amd64.
#27 92.00 Preparing to unpack .../011-libelf1_0.186-1ubuntu0.1_amd64.deb ...
#27 92.00 Unpacking libelf1:amd64 (0.186-1ubuntu0.1) ...
#27 92.04 Selecting previously unselected package libglib2.0-data.
#27 92.04 Preparing to unpack .../012-libglib2.0-data_2.72.4-0ubuntu2.9_all.deb ...
#27 92.05 Unpacking libglib2.0-data (2.72.4-0ubuntu2.9) ...
#27 92.45 Selecting previously unselected package libicu70:amd64.
#27 92.46 Preparing to unpack .../013-libicu70_70.1-2_amd64.deb ...
#27 92.47 Unpacking libicu70:amd64 (70.1-2) ...
#27 ...

#24 [airflow 1/2] FROM docker.io/apache/airflow:2.7.0@sha256:7a1d5453d5511e662d093c534dbab9417a3210af162e81e4c51056dd2c01a84e
#24 extracting sha256:5d7f11ed02280e0fae4d37129292ddd5e0ecd27d6c5d70ebf4f9b69818ed8f6e 5.2s done
#24 extracting sha256:469d0413d3e6260f113d148f1b39474abec4f46d7ae39b84412d272b790c4d4f 0.6s done
#24 extracting sha256:a0a1304531f605f2407c9ac061752c87327838d542ab30c90b03273cf63dcd95
#24 ...

#27 [namenode 2/2] RUN apt-get update && apt-get install -y openjdk-11-jdk wget && rm -rf /var/lib/apt/lists/*
#27 96.99 Selecting previously unselected package libnss-systemd:amd64.
#27 96.99 Preparing to unpack .../014-libnss-systemd_249.11-0ubuntu3.20_amd64.deb ...
#27 98.90 Unpacking libnss-systemd:amd64 (249.11-0ubuntu3.20) ...
#27 105.3 Selecting previously unselected package libpam-systemd:amd64.
#27 105.3 Preparing to unpack .../015-libpam-systemd_249.11-0ubuntu3.20_amd64.deb ...
#27 105.3 Unpacking libpam-systemd:amd64 (249.11-0ubuntu3.20) ...
#27 105.8 Selecting previously unselected package libxml2:amd64.
#27 105.8 Preparing to unpack .../016-libxml2_2.9.13+dfsg-1ubuntu0.11_amd64.deb ...
#27 105.8 Unpacking libxml2:amd64 (2.9.13+dfsg-1ubuntu0.11) ...
#27 105.9 Selecting previously unselected package python3-dbus.
#27 105.9 Preparing to unpack .../017-python3-dbus_1.2.18-3build1_amd64.deb ...
#27 105.9 Unpacking python3-dbus (1.2.18-3build1) ...
#27 106.0 Selecting previously unselected package python3-gi.
#27 106.0 Preparing to unpack .../018-python3-gi_3.42.1-0ubuntu1_amd64.deb ...
#27 106.0 Unpacking python3-gi (3.42.1-0ubuntu1) ...
#27 ...

#25 [tensorflow 1/3] FROM docker.io/tensorflow/tensorflow:2.13.0@sha256:f133c99eba6e59b921ea7543c81417cd831c9983f5d6ce65dff7adb0ec79d830
#25 extracting sha256:eb5c0fde2e1919070e99581f3e7851ade4e605444c2ba6dfd43b60dbc4186dd3 42.9s done
#25 extracting sha256:1eb5af93509e197319fe2b95e0ecc382af70353a19e370c13ea68fb0fe108a48
#25 extracting sha256:1eb5af93509e197319fe2b95e0ecc382af70353a19e370c13ea68fb0fe108a48 0.5s done
#25 extracting sha256:4a60f8dff7fd3094fd0d6b2250bc1c2ebb488658fda0dc8068f5b3b308999c88 0.1s done
#25 extracting sha256:85ba1cd0f140aa8aaab85569493c07746731b369dda4d0c19f7f572483f25fb6
#25 ...

#27 [namenode 2/2] RUN apt-get update && apt-get install -y openjdk-11-jdk wget && rm -rf /var/lib/apt/lists/*
#27 106.5 Selecting previously unselected package networkd-dispatcher.
#27 106.5 Preparing to unpack .../019-networkd-dispatcher_2.1-2ubuntu0.22.04.2_all.deb ...
#27 106.5 Unpacking networkd-dispatcher (2.1-2ubuntu0.22.04.2) ...
#27 106.6 Selecting previously unselected package shared-mime-info.
#27 106.6 Preparing to unpack .../020-shared-mime-info_2.1-2_amd64.deb ...
#27 106.6 Unpacking shared-mime-info (2.1-2) ...
#27 106.7 Selecting previously unselected package systemd-timesyncd.
#27 106.7 Preparing to unpack .../021-systemd-timesyncd_249.11-0ubuntu3.20_amd64.deb ...
#27 106.7 Unpacking systemd-timesyncd (249.11-0ubuntu3.20) ...
#27 106.8 Selecting previously unselected package ucf.
#27 106.8 Preparing to unpack .../022-ucf_3.0043_all.deb ...
#27 106.8 Moving old data out of the way
#27 106.8 Unpacking ucf (3.0043) ...
#27 107.2 Selecting previously unselected package xdg-user-dirs.
#27 107.2 Preparing to unpack .../023-xdg-user-dirs_0.17-2ubuntu4_amd64.deb ...
#27 107.2 Unpacking xdg-user-dirs (0.17-2ubuntu4) ...
#27 107.4 Selecting previously unselected package libdrm-common.
#27 107.4 Preparing to unpack .../024-libdrm-common_2.4.113-2~ubuntu0.22.04.1_all.deb ...
#27 107.4 Unpacking libdrm-common (2.4.113-2~ubuntu0.22.04.1) ...
#27 107.4 Selecting previously unselected package libdrm2:amd64.
#27 107.4 Preparing to unpack .../025-libdrm2_2.4.113-2~ubuntu0.22.04.1_amd64.deb ...
#27 107.4 Unpacking libdrm2:amd64 (2.4.113-2~ubuntu0.22.04.1) ...
#27 107.5 Selecting previously unselected package libedit2:amd64.
#27 107.5 Preparing to unpack .../026-libedit2_3.1-20210910-1build1_amd64.deb ...
#27 107.5 Unpacking libedit2:amd64 (3.1-20210910-1build1) ...
#27 107.8 Selecting previously unselected package libpng16-16:amd64.
#27 107.9 Preparing to unpack .../027-libpng16-16_1.6.37-3ubuntu0.4_amd64.deb ...
#27 107.9 Unpacking libpng16-16:amd64 (1.6.37-3ubuntu0.4) ...
#27 107.9 Selecting previously unselected package libpsl5:amd64.
#27 107.9 Preparing to unpack .../028-libpsl5_0.21.0-1.2build2_amd64.deb ...
#27 107.9 Unpacking libpsl5:amd64 (0.21.0-1.2build2) ...
#27 108.0 Selecting previously unselected package libxau6:amd64.
#27 108.0 Preparing to unpack .../029-libxau6_1%3a1.0.9-1build5_amd64.deb ...
#27 108.0 Unpacking libxau6:amd64 (1:1.0.9-1build5) ...
#27 108.4 Selecting previously unselected package libxdmcp6:amd64.
#27 108.4 Preparing to unpack .../030-libxdmcp6_1%3a1.1.3-0ubuntu5_amd64.deb ...
#27 108.4 Unpacking libxdmcp6:amd64 (1:1.1.3-0ubuntu5) ...
#27 108.4 Selecting previously unselected package libxcb1:amd64.
#27 108.4 Preparing to unpack .../031-libxcb1_1.14-3ubuntu3_amd64.deb ...
#27 108.4 Unpacking libxcb1:amd64 (1.14-3ubuntu3) ...
#27 108.5 Selecting previously unselected package libx11-data.
#27 108.5 Preparing to unpack .../032-libx11-data_2%3a1.7.5-1ubuntu0.3_all.deb ...
#27 108.5 Unpacking libx11-data (2:1.7.5-1ubuntu0.3) ...
#27 108.6 Selecting previously unselected package libx11-6:amd64.
#27 108.6 Preparing to unpack .../033-libx11-6_2%3a1.7.5-1ubuntu0.3_amd64.deb ...
#27 108.6 Unpacking libx11-6:amd64 (2:1.7.5-1ubuntu0.3) ...
#27 109.0 Selecting previously unselected package libxext6:amd64.
#27 109.0 Preparing to unpack .../034-libxext6_2%3a1.3.4-1build1_amd64.deb ...
#27 109.0 Unpacking libxext6:amd64 (2:1.3.4-1build1) ...
#27 109.1 Selecting previously unselected package libxmuu1:amd64.
#27 109.1 Preparing to unpack .../035-libxmuu1_2%3a1.1.3-3_amd64.deb ...
#27 109.1 Unpacking libxmuu1:amd64 (2:1.1.3-3) ...
#27 109.3 Selecting previously unselected package publicsuffix.
#27 109.3 Preparing to unpack .../036-publicsuffix_20211207.1025-1_all.deb ...
#27 109.3 Unpacking publicsuffix (20211207.1025-1) ...
#27 109.4 Selecting previously unselected package wget.
#27 109.4 Preparing to unpack .../037-wget_1.21.2-2ubuntu1.1_amd64.deb ...
#27 109.4 Unpacking wget (1.21.2-2ubuntu1.1) ...
#27 109.9 Selecting previously unselected package alsa-topology-conf.
#27 109.9 Preparing to unpack .../038-alsa-topology-conf_1.2.5.1-2_all.deb ...
#27 109.9 Unpacking alsa-topology-conf (1.2.5.1-2) ...
#27 109.9 Selecting previously unselected package libasound2-data.
#27 109.9 Preparing to unpack .../039-libasound2-data_1.2.6.1-1ubuntu1.1_all.deb ...
#27 109.9 Unpacking libasound2-data (1.2.6.1-1ubuntu1.1) ...
#27 110.6 Selecting previously unselected package libasound2:amd64.
#27 110.6 Preparing to unpack .../040-libasound2_1.2.6.1-1ubuntu1.1_amd64.deb ...
#27 ...

#20 [spark-worker 1/4] FROM docker.io/apache/spark:3.4.1@sha256:39976de47b94dc5348ef23c9bf8e573db8b0700bf15dfc6c96d0cedd4fac56a0
#20 extracting sha256:a603338e5eef043fe02a27bbeaf62eb4d81d85b3310e498b82fdcaee754dfea1 51.9s done
#20 extracting sha256:a603338e5eef043fe02a27bbeaf62eb4d81d85b3310e498b82fdcaee754dfea1 51.9s done
#20 extracting sha256:5473df8c26a0a8e1fb587fdd493d5cf898378011ea66480d3ef0c871ece519ae
#20 ...

#26 [jupyter 1/3] FROM docker.io/jupyter/base-notebook:latest@sha256:8c903974902b0e9d45d9823c2234411de0614c5c98c4bb782b3d4f55b3e435e6
#26 extracting sha256:abaa8376a6502612b92e1750cee7aa450ef045e23a418077439a392b0c224f2e 46.5s done
#26 DONE 124.6s

#24 [airflow 1/2] FROM docker.io/apache/airflow:2.7.0@sha256:7a1d5453d5511e662d093c534dbab9417a3210af162e81e4c51056dd2c01a84e
#24 extracting sha256:a0a1304531f605f2407c9ac061752c87327838d542ab30c90b03273cf63dcd95 23.2s done
#24 extracting sha256:8808ff32b75266ca8de586790afac9c54c86251cf5321b19051e255dd5118934
#24 extracting sha256:8808ff32b75266ca8de586790afac9c54c86251cf5321b19051e255dd5118934 0.2s done
#24 extracting sha256:c915ebe27708a6e39d35ea487cd35c9e2df02d3ffbb6bdf4250a44d2a403ee83
#24 extracting sha256:c915ebe27708a6e39d35ea487cd35c9e2df02d3ffbb6bdf4250a44d2a403ee83 0.2s done
#24 DONE 124.9s

#20 [spark-master 1/4] FROM docker.io/apache/spark:3.4.1@sha256:39976de47b94dc5348ef23c9bf8e573db8b0700bf15dfc6c96d0cedd4fac56a0
#20 extracting sha256:5473df8c26a0a8e1fb587fdd493d5cf898378011ea66480d3ef0c871ece519ae 0.8s done
#20 extracting sha256:4f4fb700ef54461cfa02571ae0db9a0dc1e0cdb5577484a6d75e68dc38e8acc1 0.1s done
#20 extracting sha256:97faf191164c42407ccb18ac26e3ea6ceeeaa6f1b4384f84b7447d8706489c4e
#20 ...

#26 [jupyter 1/3] FROM docker.io/jupyter/base-notebook:latest@sha256:8c903974902b0e9d45d9823c2234411de0614c5c98c4bb782b3d4f55b3e435e6
#26 extracting sha256:4f4fb700ef54461cfa02571ae0db9a0dc1e0cdb5577484a6d75e68dc38e8acc1 0.5s done
#26 extracting sha256:aa099bb9e49a60e4a86d1015fa7be3ea1dc1dc87153a0c0767dac5c3df94babb 0.2s done
#26 extracting sha256:822c4cbcf6a6b7660f90516cd166125d55de917a2f18c086eee2abe52c1b7e9a 0.1s done
#26 DONE 125.4s

#26 [jupyter 1/3] FROM docker.io/jupyter/base-notebook:latest@sha256:8c903974902b0e9d45d9823c2234411de0614c5c98c4bb782b3d4f55b3e435e6
#26 extracting sha256:d25166dcdc7b4776765e67e9b3548b023fb7bf2a9bd1d14746fa3d1d902279a0
#26 ...

#27 [namenode 2/2] RUN apt-get update && apt-get install -y openjdk-11-jdk wget && rm -rf /var/lib/apt/lists/*
#27 115.1 Unpacking libasound2:amd64 (1.2.6.1-1ubuntu1.1) ...
#27 115.2 Selecting previously unselected package alsa-ucm-conf.
#27 115.2 Preparing to unpack .../041-alsa-ucm-conf_1.2.6.3-1ubuntu1.12_all.deb ...
#27 115.2 Unpacking alsa-ucm-conf (1.2.6.3-1ubuntu1.12) ...
#27 115.7 Selecting previously unselected package libxi6:amd64.
#27 115.7 Preparing to unpack .../042-libxi6_2%3a1.8-1build1_amd64.deb ...
#27 115.7 Unpacking libxi6:amd64 (2:1.8-1build1) ...
#27 115.8 Selecting previously unselected package libatspi2.0-0:amd64.
#27 115.8 Preparing to unpack .../043-libatspi2.0-0_2.44.0-3_amd64.deb ...
#27 115.8 Unpacking libatspi2.0-0:amd64 (2.44.0-3) ...
#27 115.9 Selecting previously unselected package x11-common.
#27 115.9 Preparing to unpack .../044-x11-common_1%3a7.7+23ubuntu2_all.deb ...
#27 115.9 Unpacking x11-common (1:7.7+23ubuntu2) ...
#27 116.4 Selecting previously unselected package libxtst6:amd64.
#27 116.4 Preparing to unpack .../045-libxtst6_2%3a1.2.3-1build4_amd64.deb ...
#27 116.4 Unpacking libxtst6:amd64 (2:1.2.3-1build4) ...
#27 116.5 Selecting previously unselected package dbus-user-session.
#27 116.5 Preparing to unpack .../046-dbus-user-session_1.12.20-2ubuntu4.1_amd64.deb ...
#27 116.5 Unpacking dbus-user-session (1.12.20-2ubuntu4.1) ...
#27 116.5 Selecting previously unselected package libdconf1:amd64.
#27 116.5 Preparing to unpack .../047-libdconf1_0.40.0-3ubuntu0.1_amd64.deb ...
#27 116.5 Unpacking libdconf1:amd64 (0.40.0-3ubuntu0.1) ...
#27 116.6 Selecting previously unselected package dconf-service.
#27 116.6 Preparing to unpack .../048-dconf-service_0.40.0-3ubuntu0.1_amd64.deb ...
#27 116.6 Unpacking dconf-service (0.40.0-3ubuntu0.1) ...
#27 116.6 Selecting previously unselected package dconf-gsettings-backend:amd64.
#27 116.6 Preparing to unpack .../049-dconf-gsettings-backend_0.40.0-3ubuntu0.1_amd64.deb ...
#27 116.6 Unpacking dconf-gsettings-backend:amd64 (0.40.0-3ubuntu0.1) ...
#27 117.0 Selecting previously unselected package session-migration.
#27 117.0 Preparing to unpack .../050-session-migration_0.3.6_amd64.deb ...
#27 117.1 Unpacking session-migration (0.3.6) ...
#27 117.1 Selecting previously unselected package gsettings-desktop-schemas.
#27 117.1 Preparing to unpack .../051-gsettings-desktop-schemas_42.0-1ubuntu1_all.deb ...
#27 117.1 Unpacking gsettings-desktop-schemas (42.0-1ubuntu1) ...
#27 117.2 Selecting previously unselected package at-spi2-core.
#27 117.2 Preparing to unpack .../052-at-spi2-core_2.44.0-3_amd64.deb ...
#27 117.2 Unpacking at-spi2-core (2.44.0-3) ...
#27 117.2 Selecting previously unselected package java-common.
#27 117.2 Preparing to unpack .../053-java-common_0.72build2_all.deb ...
#27 117.2 Unpacking java-common (0.72build2) ...
#27 117.3 Selecting previously unselected package libavahi-common-data:amd64.
#27 117.3 Preparing to unpack .../054-libavahi-common-data_0.8-5ubuntu5.4_amd64.deb ...
#27 117.3 Unpacking libavahi-common-data:amd64 (0.8-5ubuntu5.4) ...
#27 117.6 Selecting previously unselected package libavahi-common3:amd64.
#27 117.6 Preparing to unpack .../055-libavahi-common3_0.8-5ubuntu5.4_amd64.deb ...
#27 117.6 Unpacking libavahi-common3:amd64 (0.8-5ubuntu5.4) ...
#27 117.7 Selecting previously unselected package libavahi-client3:amd64.
#27 117.7 Preparing to unpack .../056-libavahi-client3_0.8-5ubuntu5.4_amd64.deb ...
#27 117.7 Unpacking libavahi-client3:amd64 (0.8-5ubuntu5.4) ...
#27 117.8 Selecting previously unselected package libcups2:amd64.
#27 117.8 Preparing to unpack .../057-libcups2_2.4.1op1-1ubuntu4.16_amd64.deb ...
#27 117.8 Unpacking libcups2:amd64 (2.4.1op1-1ubuntu4.16) ...
#27 117.9 Selecting previously unselected package libbrotli1:amd64.
#27 117.9 Preparing to unpack .../058-libbrotli1_1.0.9-2build6_amd64.deb ...
#27 117.9 Unpacking libbrotli1:amd64 (1.0.9-2build6) ...
#27 118.2 Selecting previously unselected package libfreetype6:amd64.
#27 118.2 Preparing to unpack .../059-libfreetype6_2.11.1+dfsg-1ubuntu0.3_amd64.deb ...
#27 118.3 Unpacking libfreetype6:amd64 (2.11.1+dfsg-1ubuntu0.3) ...
#27 118.3 Selecting previously unselected package fonts-dejavu-core.
#27 118.3 Preparing to unpack .../060-fonts-dejavu-core_2.37-2build1_all.deb ...
#27 118.3 Unpacking fonts-dejavu-core (2.37-2build1) ...
#27 118.5 Selecting previously unselected package fontconfig-config.
#27 118.5 Preparing to unpack .../061-fontconfig-config_2.13.1-4.2ubuntu5_all.deb ...
#27 118.5 Unpacking fontconfig-config (2.13.1-4.2ubuntu5) ...
#27 118.6 Selecting previously unselected package libfontconfig1:amd64.
#27 118.6 Preparing to unpack .../062-libfontconfig1_2.13.1-4.2ubuntu5_amd64.deb ...
#27 118.6 Unpacking libfontconfig1:amd64 (2.13.1-4.2ubuntu5) ...
#27 122.5 Selecting previously unselected package liblcms2-2:amd64.
#27 122.6 Preparing to unpack .../063-liblcms2-2_2.12~rc1-2ubuntu0.1_amd64.deb ...
#27 122.7 Unpacking liblcms2-2:amd64 (2.12~rc1-2ubuntu0.1) ...
#27 122.8 Selecting previously unselected package libjpeg-turbo8:amd64.
#27 122.8 Preparing to unpack .../064-libjpeg-turbo8_2.1.2-0ubuntu1_amd64.deb ...
#27 122.8 Unpacking libjpeg-turbo8:amd64 (2.1.2-0ubuntu1) ...
#27 122.9 Selecting previously unselected package libjpeg8:amd64.
#27 122.9 Preparing to unpack .../065-libjpeg8_8c-2ubuntu10_amd64.deb ...
#27 122.9 Unpacking libjpeg8:amd64 (8c-2ubuntu10) ...
#27 123.0 Selecting previously unselected package libnspr4:amd64.
#27 123.0 Preparing to unpack .../066-libnspr4_2%3a4.35-0ubuntu0.22.04.1_amd64.deb ...
#27 123.0 Unpacking libnspr4:amd64 (2:4.35-0ubuntu0.22.04.1) ...
#27 123.4 Selecting previously unselected package libnss3:amd64.
#27 123.4 Preparing to unpack .../067-libnss3_2%3a3.98-0ubuntu0.22.04.3_amd64.deb ...
#27 123.4 Unpacking libnss3:amd64 (2:3.98-0ubuntu0.22.04.3) ...
#27 124.0 Selecting previously unselected package libgraphite2-3:amd64.
#27 124.0 Preparing to unpack .../068-libgraphite2-3_1.3.14-1build2_amd64.deb ...
#27 124.0 Unpacking libgraphite2-3:amd64 (1.3.14-1build2) ...
#27 124.1 Selecting previously unselected package libharfbuzz0b:amd64.
#27 124.1 Preparing to unpack .../069-libharfbuzz0b_2.7.4-1ubuntu3.2_amd64.deb ...
#27 124.1 Unpacking libharfbuzz0b:amd64 (2.7.4-1ubuntu3.2) ...
#27 124.2 Selecting previously unselected package libpcsclite1:amd64.
#27 124.2 Preparing to unpack .../070-libpcsclite1_1.9.5-3ubuntu1_amd64.deb ...
#27 124.2 Unpacking libpcsclite1:amd64 (1.9.5-3ubuntu1) ...
#27 124.2 Selecting previously unselected package openjdk-11-jre-headless:amd64.
#27 124.2 Preparing to unpack .../071-openjdk-11-jre-headless_11.0.30+7-1ubuntu1~22.04_amd64.deb ...
#27 124.2 Unpacking openjdk-11-jre-headless:amd64 (11.0.30+7-1ubuntu1~22.04) ...
#27 ...

#25 [tensorflow 1/3] FROM docker.io/tensorflow/tensorflow:2.13.0@sha256:f133c99eba6e59b921ea7543c81417cd831c9983f5d6ce65dff7adb0ec79d830
#25 extracting sha256:85ba1cd0f140aa8aaab85569493c07746731b369dda4d0c19f7f572483f25fb6 9.1s done
#25 extracting sha256:4983425daedd245ee48fc06e80f4961c0485650d5283456475bcdd3b515e9d68
#25 ...

#24 [airflow 1/2] FROM docker.io/apache/airflow:2.7.0@sha256:7a1d5453d5511e662d093c534dbab9417a3210af162e81e4c51056dd2c01a84e
#24 extracting sha256:c5d2d9f1ad21601847a7129f6599e1374e543e83ad2b36d3ad1bb2fca51e0a07
#24 ...

#26 [jupyter 1/3] FROM docker.io/jupyter/base-notebook:latest@sha256:8c903974902b0e9d45d9823c2234411de0614c5c98c4bb782b3d4f55b3e435e6
#26 extracting sha256:d25166dcdc7b4776765e67e9b3548b023fb7bf2a9bd1d14746fa3d1d902279a0 18.4s done
#26 DONE 143.8s

#26 [jupyter 1/3] FROM docker.io/jupyter/base-notebook:latest@sha256:8c903974902b0e9d45d9823c2234411de0614c5c98c4bb782b3d4f55b3e435e6
#26 extracting sha256:4f4fb700ef54461cfa02571ae0db9a0dc1e0cdb5577484a6d75e68dc38e8acc1
#26 ...

#27 [namenode 2/2] RUN apt-get update && apt-get install -y openjdk-11-jdk wget && rm -rf /var/lib/apt/lists/*
#27 140.3 Selecting previously unselected package ca-certificates-java.
#27 140.3 Preparing to unpack .../072-ca-certificates-java_20190909ubuntu1.3_all.deb ...
#27 140.3 Unpacking ca-certificates-java (20190909ubuntu1.3) ...
#27 140.5 Selecting previously unselected package fonts-dejavu-extra.
#27 140.5 Preparing to unpack .../073-fonts-dejavu-extra_2.37-2build1_all.deb ...
#27 140.5 Unpacking fonts-dejavu-extra (2.37-2build1) ...
#27 141.3 Selecting previously unselected package libatk1.0-data.
#27 141.3 Preparing to unpack .../074-libatk1.0-data_2.36.0-3build1_all.deb ...
#27 141.3 Unpacking libatk1.0-data (2.36.0-3build1) ...
#27 141.8 Selecting previously unselected package libatk1.0-0:amd64.
#27 141.8 Preparing to unpack .../075-libatk1.0-0_2.36.0-3build1_amd64.deb ...
#27 141.9 Unpacking libatk1.0-0:amd64 (2.36.0-3build1) ...
#27 141.9 Selecting previously unselected package libatk-bridge2.0-0:amd64.
#27 141.9 Preparing to unpack .../076-libatk-bridge2.0-0_2.38.0-3_amd64.deb ...
#27 141.9 Unpacking libatk-bridge2.0-0:amd64 (2.38.0-3) ...
#27 142.0 Selecting previously unselected package libfontenc1:amd64.
#27 142.0 Preparing to unpack .../077-libfontenc1_1%3a1.1.4-1build3_amd64.deb ...
#27 142.0 Unpacking libfontenc1:amd64 (1:1.1.4-1build3) ...
#27 145.4 Selecting previously unselected package libglvnd0:amd64.
#27 145.4 Preparing to unpack .../078-libglvnd0_1.4.0-1_amd64.deb ...
#27 145.4 Unpacking libglvnd0:amd64 (1.4.0-1) ...
#27 146.0 Selecting previously unselected package libglapi-mesa:amd64.
#27 146.0 Preparing to unpack .../079-libglapi-mesa_23.2.1-1ubuntu3.1~22.04.3_amd64.deb ...
#27 146.0 Unpacking libglapi-mesa:amd64 (23.2.1-1ubuntu3.1~22.04.3) ...
#27 146.1 Selecting previously unselected package libx11-xcb1:amd64.
#27 146.1 Preparing to unpack .../080-libx11-xcb1_2%3a1.7.5-1ubuntu0.3_amd64.deb ...
#27 146.1 Unpacking libx11-xcb1:amd64 (2:1.7.5-1ubuntu0.3) ...
#27 146.1 Selecting previously unselected package libxcb-dri2-0:amd64.
#27 146.1 Preparing to unpack .../081-libxcb-dri2-0_1.14-3ubuntu3_amd64.deb ...
#27 146.1 Unpacking libxcb-dri2-0:amd64 (1.14-3ubuntu3) ...
#27 146.2 Selecting previously unselected package libxcb-dri3-0:amd64.
#27 146.2 Preparing to unpack .../082-libxcb-dri3-0_1.14-3ubuntu3_amd64.deb ...
#27 146.2 Unpacking libxcb-dri3-0:amd64 (1.14-3ubuntu3) ...
#27 146.3 Selecting previously unselected package libxcb-glx0:amd64.
#27 146.3 Preparing to unpack .../083-libxcb-glx0_1.14-3ubuntu3_amd64.deb ...
#27 146.3 Unpacking libxcb-glx0:amd64 (1.14-3ubuntu3) ...
#27 147.5 Selecting previously unselected package libxcb-present0:amd64.
#27 147.5 Preparing to unpack .../084-libxcb-present0_1.14-3ubuntu3_amd64.deb ...
#27 147.5 Unpacking libxcb-present0:amd64 (1.14-3ubuntu3) ...
#27 147.6 Selecting previously unselected package libxcb-randr0:amd64.
#27 147.6 Preparing to unpack .../085-libxcb-randr0_1.14-3ubuntu3_amd64.deb ...
#27 147.7 Unpacking libxcb-randr0:amd64 (1.14-3ubuntu3) ...
#27 ...

#24 [airflow 1/2] FROM docker.io/apache/airflow:2.7.0@sha256:7a1d5453d5511e662d093c534dbab9417a3210af162e81e4c51056dd2c01a84e
#24 extracting sha256:c5d2d9f1ad21601847a7129f6599e1374e543e83ad2b36d3ad1bb2fca51e0a07 24.3s done
#24 extracting sha256:498d44849ec9c9d678c88b3699dbf1d500d4f8a69d10cae1d220ea5cd99124a8
#24 ...

#26 [jupyter 1/3] FROM docker.io/jupyter/base-notebook:latest@sha256:8c903974902b0e9d45d9823c2234411de0614c5c98c4bb782b3d4f55b3e435e6
#26 extracting sha256:4f4fb700ef54461cfa02571ae0db9a0dc1e0cdb5577484a6d75e68dc38e8acc1 5.6s done
#26 extracting sha256:964fc3e4ff9f3bb80c77f28ca6318e4e121dc657731158efb42f322dd7f521c3
#26 ...

#20 [spark-master 1/4] FROM docker.io/apache/spark:3.4.1@sha256:39976de47b94dc5348ef23c9bf8e573db8b0700bf15dfc6c96d0cedd4fac56a0
#20 extracting sha256:97faf191164c42407ccb18ac26e3ea6ceeeaa6f1b4384f84b7447d8706489c4e 35.0s done
#20 extracting sha256:97faf191164c42407ccb18ac26e3ea6ceeeaa6f1b4384f84b7447d8706489c4e 35.0s done
#20 DONE 159.8s

#27 [namenode 2/2] RUN apt-get update && apt-get install -y openjdk-11-jdk wget && rm -rf /var/lib/apt/lists/*
#27 150.9 Selecting previously unselected package libxcb-shm0:amd64.
#27 150.9 Preparing to unpack .../086-libxcb-shm0_1.14-3ubuntu3_amd64.deb ...
#27 150.9 Unpacking libxcb-shm0:amd64 (1.14-3ubuntu3) ...
#27 150.9 Selecting previously unselected package libxcb-sync1:amd64.
#27 150.9 Preparing to unpack .../087-libxcb-sync1_1.14-3ubuntu3_amd64.deb ...
#27 150.9 Unpacking libxcb-sync1:amd64 (1.14-3ubuntu3) ...
#27 151.3 Selecting previously unselected package libxcb-xfixes0:amd64.
#27 151.3 Preparing to unpack .../088-libxcb-xfixes0_1.14-3ubuntu3_amd64.deb ...
#27 151.3 Unpacking libxcb-xfixes0:amd64 (1.14-3ubuntu3) ...
#27 151.4 Selecting previously unselected package libxfixes3:amd64.
#27 151.4 Preparing to unpack .../089-libxfixes3_1%3a6.0.0-1_amd64.deb ...
#27 151.5 Unpacking libxfixes3:amd64 (1:6.0.0-1) ...
#27 151.5 Selecting previously unselected package libxshmfence1:amd64.
#27 151.5 Preparing to unpack .../090-libxshmfence1_1.3-1build4_amd64.deb ...
#27 151.5 Unpacking libxshmfence1:amd64 (1.3-1build4) ...
#27 151.5 Selecting previously unselected package libxxf86vm1:amd64.
#27 151.5 Preparing to unpack .../091-libxxf86vm1_1%3a1.1.4-1build3_amd64.deb ...
#27 151.5 Unpacking libxxf86vm1:amd64 (1:1.1.4-1build3) ...
#27 152.0 Selecting previously unselected package libdrm-amdgpu1:amd64.
#27 152.0 Preparing to unpack .../092-libdrm-amdgpu1_2.4.113-2~ubuntu0.22.04.1_amd64.deb ...
#27 152.0 Unpacking libdrm-amdgpu1:amd64 (2.4.113-2~ubuntu0.22.04.1) ...
#27 152.1 Selecting previously unselected package libpciaccess0:amd64.
#27 152.1 Preparing to unpack .../093-libpciaccess0_0.16-3_amd64.deb ...
#27 152.2 Unpacking libpciaccess0:amd64 (0.16-3) ...
#27 152.3 Selecting previously unselected package libdrm-intel1:amd64.
#27 152.3 Preparing to unpack .../094-libdrm-intel1_2.4.113-2~ubuntu0.22.04.1_amd64.deb ...
#27 152.3 Unpacking libdrm-intel1:amd64 (2.4.113-2~ubuntu0.22.04.1) ...
#27 152.9 Selecting previously unselected package libdrm-nouveau2:amd64.
#27 152.9 Preparing to unpack .../095-libdrm-nouveau2_2.4.113-2~ubuntu0.22.04.1_amd64.deb ...
#27 152.9 Unpacking libdrm-nouveau2:amd64 (2.4.113-2~ubuntu0.22.04.1) ...
#27 153.0 Selecting previously unselected package libdrm-radeon1:amd64.
#27 153.0 Preparing to unpack .../096-libdrm-radeon1_2.4.113-2~ubuntu0.22.04.1_amd64.deb ...
#27 153.0 Unpacking libdrm-radeon1:amd64 (2.4.113-2~ubuntu0.22.04.1) ...
#27 159.1 Selecting previously unselected package libllvm15:amd64.
#27 159.1 Preparing to unpack .../097-libllvm15_1%3a15.0.7-0ubuntu0.22.04.3_amd64.deb ...
#27 159.1 Unpacking libllvm15:amd64 (1:15.0.7-0ubuntu0.22.04.3) ...
#27 ...

#28 [spark-master 2/4] RUN apt-get update && apt-get install -y python3-pip && rm -rf /var/lib/apt/lists/*
#28 ...

#27 [namenode 2/2] RUN apt-get update && apt-get install -y openjdk-11-jdk wget && rm -rf /var/lib/apt/lists/*
#27 164.5 Selecting previously unselected package libsensors-config.
#27 164.5 Preparing to unpack .../098-libsensors-config_1%3a3.6.0-7ubuntu1_all.deb ...
#27 164.5 Unpacking libsensors-config (1:3.6.0-7ubuntu1) ...
#27 164.6 Selecting previously unselected package libsensors5:amd64.
#27 164.6 Preparing to unpack .../099-libsensors5_1%3a3.6.0-7ubuntu1_amd64.deb ...
#27 165.2 Unpacking libsensors5:amd64 (1:3.6.0-7ubuntu1) ...
#27 165.3 Selecting previously unselected package libgl1-mesa-dri:amd64.
#27 165.3 Preparing to unpack .../100-libgl1-mesa-dri_23.2.1-1ubuntu3.1~22.04.3_amd64.deb ...
#27 165.3 Unpacking libgl1-mesa-dri:amd64 (23.2.1-1ubuntu3.1~22.04.3) ...
#27 169.8 Selecting previously unselected package libglx-mesa0:amd64.
#27 169.8 Preparing to unpack .../101-libglx-mesa0_23.2.1-1ubuntu3.1~22.04.3_amd64.deb ...
#27 169.8 Unpacking libglx-mesa0:amd64 (23.2.1-1ubuntu3.1~22.04.3) ...
#27 169.9 Selecting previously unselected package libglx0:amd64.
#27 169.9 Preparing to unpack .../102-libglx0_1.4.0-1_amd64.deb ...
#27 169.9 Unpacking libglx0:amd64 (1.4.0-1) ...
#27 170.4 Selecting previously unselected package libgl1:amd64.
#27 170.4 Preparing to unpack .../103-libgl1_1.4.0-1_amd64.deb ...
#27 170.4 Unpacking libgl1:amd64 (1.4.0-1) ...
#27 170.5 Selecting previously unselected package libice6:amd64.
#27 170.5 Preparing to unpack .../104-libice6_2%3a1.0.10-1build2_amd64.deb ...
#27 170.5 Unpacking libice6:amd64 (2:1.0.10-1build2) ...
#27 170.6 Selecting previously unselected package libsm6:amd64.
#27 170.6 Preparing to unpack .../105-libsm6_2%3a1.2.3-1build2_amd64.deb ...
#27 170.6 Unpacking libsm6:amd64 (2:1.2.3-1build2) ...
#27 170.7 Selecting previously unselected package libxt6:amd64.
#27 170.7 Preparing to unpack .../106-libxt6_1%3a1.2.1-1_amd64.deb ...
#27 170.7 Unpacking libxt6:amd64 (1:1.2.1-1) ...
#27 170.7 Selecting previously unselected package libxmu6:amd64.
#27 170.8 Preparing to unpack .../107-libxmu6_2%3a1.1.3-3_amd64.deb ...
#27 170.8 Unpacking libxmu6:amd64 (2:1.1.3-3) ...
#27 171.2 Selecting previously unselected package libxpm4:amd64.
#27 171.2 Preparing to unpack .../108-libxpm4_1%3a3.5.12-1ubuntu0.22.04.2_amd64.deb ...
#27 171.2 Unpacking libxpm4:amd64 (1:3.5.12-1ubuntu0.22.04.2) ...
#27 180.4 Selecting previously unselected package libxaw7:amd64.
#27 180.4 Preparing to unpack .../109-libxaw7_2%3a1.0.14-1_amd64.deb ...
#27 180.4 Unpacking libxaw7:amd64 (2:1.0.14-1) ...
#27 180.5 Selecting previously unselected package libxcb-shape0:amd64.
#27 180.5 Preparing to unpack .../110-libxcb-shape0_1.14-3ubuntu3_amd64.deb ...
#27 180.5 Unpacking libxcb-shape0:amd64 (1.14-3ubuntu3) ...
#27 180.6 Selecting previously unselected package libxcomposite1:amd64.
#27 ...

#28 [spark-master 2/4] RUN apt-get update && apt-get install -y python3-pip && rm -rf /var/lib/apt/lists/*
#28 19.78 Get:1 http://archive.ubuntu.com/ubuntu focal InRelease [265 kB]
#28 20.37 Get:2 http://archive.ubuntu.com/ubuntu focal-updates InRelease [128 kB]
#28 20.37 Get:3 http://archive.ubuntu.com/ubuntu focal-backports InRelease [128 kB]
#28 20.37 Get:4 http://security.ubuntu.com/ubuntu focal-security InRelease [128 kB]
#28 21.55 Get:5 http://archive.ubuntu.com/ubuntu focal/universe amd64 Packages [11.3 MB]
#28 22.59 Get:6 http://archive.ubuntu.com/ubuntu focal/main amd64 Packages [1,275 kB]
#28 22.95 Get:7 http://archive.ubuntu.com/ubuntu focal/multiverse amd64 Packages [177 kB]
#28 22.97 Get:8 http://archive.ubuntu.com/ubuntu focal/restricted amd64 Packages [33.4 kB]
#28 22.98 Get:9 http://archive.ubuntu.com/ubuntu focal-updates/main amd64 Packages [4,850 kB]
#28 23.27 Get:10 http://archive.ubuntu.com/ubuntu focal-updates/universe amd64 Packages [1,588 kB]
#28 23.39 Get:11 http://archive.ubuntu.com/ubuntu focal-updates/multiverse amd64 Packages [36.2 kB]
#28 23.40 Get:12 http://archive.ubuntu.com/ubuntu focal-updates/restricted amd64 Packages [4,904 kB]
#28 23.87 Get:13 http://archive.ubuntu.com/ubuntu focal-backports/main amd64 Packages [54.7 kB]
#28 23.87 Get:14 http://archive.ubuntu.com/ubuntu focal-backports/universe amd64 Packages [28.4 kB]
#28 24.96 Get:15 http://security.ubuntu.com/ubuntu focal-security/universe amd64 Packages [1,300 kB]
#28 25.78 Get:16 http://security.ubuntu.com/ubuntu focal-security/main amd64 Packages [4,366 kB]
#28 26.04 Get:17 http://security.ubuntu.com/ubuntu focal-security/multiverse amd64 Packages [32.5 kB]
#28 26.12 Get:18 http://security.ubuntu.com/ubuntu focal-security/restricted amd64 Packages [4,710 kB]
#28 29.39 Fetched 35.3 MB in 10s (3,600 kB/s)
#28 29.39 Reading package lists...
#28 ...

#27 [namenode 2/2] RUN apt-get update && apt-get install -y openjdk-11-jdk wget && rm -rf /var/lib/apt/lists/*
#27 180.6 Preparing to unpack .../111-libxcomposite1_1%3a0.4.5-1build2_amd64.deb ...
#27 180.7 Unpacking libxcomposite1:amd64 (1:0.4.5-1build2) ...
#27 181.1 Selecting previously unselected package libxrender1:amd64.
#27 181.1 Preparing to unpack .../112-libxrender1_1%3a0.9.10-1build4_amd64.deb ...
#27 181.1 Unpacking libxrender1:amd64 (1:0.9.10-1build4) ...
#27 181.2 Selecting previously unselected package libxft2:amd64.
#27 181.2 Preparing to unpack .../113-libxft2_2.3.4-1_amd64.deb ...
#27 181.2 Unpacking libxft2:amd64 (2.3.4-1) ...
#27 181.4 Selecting previously unselected package libxinerama1:amd64.
#27 181.4 Preparing to unpack .../114-libxinerama1_2%3a1.1.4-3_amd64.deb ...
#27 181.4 Unpacking libxinerama1:amd64 (2:1.1.4-3) ...
#27 182.2 Selecting previously unselected package libxkbfile1:amd64.
#27 182.2 Preparing to unpack .../115-libxkbfile1_1%3a1.1.0-1build3_amd64.deb ...
#27 182.2 Unpacking libxkbfile1:amd64 (1:1.1.0-1build3) ...
#27 182.6 Selecting previously unselected package libxrandr2:amd64.
#27 182.6 Preparing to unpack .../116-libxrandr2_2%3a1.5.2-1build1_amd64.deb ...
#27 182.6 Unpacking libxrandr2:amd64 (2:1.5.2-1build1) ...
#27 182.7 Selecting previously unselected package libxv1:amd64.
#27 182.7 Preparing to unpack .../117-libxv1_2%3a1.0.11-1build2_amd64.deb ...
#27 182.7 Unpacking libxv1:amd64 (2:1.0.11-1build2) ...
#27 182.8 Selecting previously unselected package libxxf86dga1:amd64.
#27 182.8 Preparing to unpack .../118-libxxf86dga1_2%3a1.1.5-0ubuntu3_amd64.deb ...
#27 182.8 Unpacking libxxf86dga1:amd64 (2:1.1.5-0ubuntu3) ...
#27 182.8 Selecting previously unselected package x11-utils.
#27 182.8 Preparing to unpack .../119-x11-utils_7.7+5build2_amd64.deb ...
#27 182.9 Unpacking x11-utils (7.7+5build2) ...
#27 186.5 Selecting previously unselected package libatk-wrapper-java.
#27 186.5 Preparing to unpack .../120-libatk-wrapper-java_0.38.0-5build1_all.deb ...
#27 186.5 Unpacking libatk-wrapper-java (0.38.0-5build1) ...
#27 186.6 Selecting previously unselected package libatk-wrapper-java-jni:amd64.
#27 186.6 Preparing to unpack .../121-libatk-wrapper-java-jni_0.38.0-5build1_amd64.deb ...
#27 186.6 Unpacking libatk-wrapper-java-jni:amd64 (0.38.0-5build1) ...
#27 186.7 Selecting previously unselected package libgif7:amd64.
#27 186.7 Preparing to unpack .../122-libgif7_5.1.9-2ubuntu0.1_amd64.deb ...
#27 186.7 Unpacking libgif7:amd64 (5.1.9-2ubuntu0.1) ...
#27 187.3 Selecting previously unselected package libgl1-amber-dri:amd64.
#27 187.3 Preparing to unpack .../123-libgl1-amber-dri_21.3.9-0ubuntu1~22.04.1_amd64.deb ...
#27 187.3 Unpacking libgl1-amber-dri:amd64 (21.3.9-0ubuntu1~22.04.1) ...
#27 188.0 Selecting previously unselected package xorg-sgml-doctools.
#27 188.0 Preparing to unpack .../124-xorg-sgml-doctools_1%3a1.11-1.1_all.deb ...
#27 188.0 Unpacking xorg-sgml-doctools (1:1.11-1.1) ...
#27 188.1 Selecting previously unselected package x11proto-dev.
#27 188.1 Preparing to unpack .../125-x11proto-dev_2021.5-1_all.deb ...
#27 188.1 Unpacking x11proto-dev (2021.5-1) ...
#27 188.6 Selecting previously unselected package libice-dev:amd64.
#27 188.6 Preparing to unpack .../126-libice-dev_2%3a1.0.10-1build2_amd64.deb ...
#27 188.6 Unpacking libice-dev:amd64 (2:1.0.10-1build2) ...
#27 188.7 Selecting previously unselected package libpthread-stubs0-dev:amd64.
#27 188.7 Preparing to unpack .../127-libpthread-stubs0-dev_0.4-1build2_amd64.deb ...
#27 188.7 Unpacking libpthread-stubs0-dev:amd64 (0.4-1build2) ...
#27 191.4 Selecting previously unselected package libsm-dev:amd64.
#27 191.4 Preparing to unpack .../128-libsm-dev_2%3a1.2.3-1build2_amd64.deb ...
#27 191.4 Unpacking libsm-dev:amd64 (2:1.2.3-1build2) ...
#27 191.5 Selecting previously unselected package libxau-dev:amd64.
#27 191.5 Preparing to unpack .../129-libxau-dev_1%3a1.0.9-1build5_amd64.deb ...
#27 191.5 Unpacking libxau-dev:amd64 (1:1.0.9-1build5) ...
#27 192.1 Selecting previously unselected package libxdmcp-dev:amd64.
#27 192.1 Preparing to unpack .../130-libxdmcp-dev_1%3a1.1.3-0ubuntu5_amd64.deb ...
#27 192.5 Unpacking libxdmcp-dev:amd64 (1:1.1.3-0ubuntu5) ...
#27 192.6 Selecting previously unselected package xtrans-dev.
#27 192.6 Preparing to unpack .../131-xtrans-dev_1.4.0-1_all.deb ...
#27 192.6 Unpacking xtrans-dev (1.4.0-1) ...
#27 192.7 Selecting previously unselected package libxcb1-dev:amd64.
#27 192.7 Preparing to unpack .../132-libxcb1-dev_1.14-3ubuntu3_amd64.deb ...
#27 192.7 Unpacking libxcb1-dev:amd64 (1.14-3ubuntu3) ...
#27 192.8 Selecting previously unselected package libx11-dev:amd64.
#27 192.8 Preparing to unpack .../133-libx11-dev_2%3a1.7.5-1ubuntu0.3_amd64.deb ...
#27 192.8 Unpacking libx11-dev:amd64 (2:1.7.5-1ubuntu0.3) ...
#27 193.3 Selecting previously unselected package libxt-dev:amd64.
#27 193.4 Preparing to unpack .../134-libxt-dev_1%3a1.2.1-1_amd64.deb ...
#27 193.4 Unpacking libxt-dev:amd64 (1:1.2.1-1) ...
#27 193.6 Selecting previously unselected package openjdk-11-jre:amd64.
#27 193.6 Preparing to unpack .../135-openjdk-11-jre_11.0.30+7-1ubuntu1~22.04_amd64.deb ...
#27 193.6 Unpacking openjdk-11-jre:amd64 (11.0.30+7-1ubuntu1~22.04) ...
#27 194.2 Selecting previously unselected package openjdk-11-jdk-headless:amd64.
#27 194.2 Preparing to unpack .../136-openjdk-11-jdk-headless_11.0.30+7-1ubuntu1~22.04_amd64.deb ...
#27 194.3 Unpacking openjdk-11-jdk-headless:amd64 (11.0.30+7-1ubuntu1~22.04) ...
#27 ...

#28 [spark-master 2/4] RUN apt-get update && apt-get install -y python3-pip && rm -rf /var/lib/apt/lists/*
#28 29.39 Reading package lists...
#28 35.53 Reading package lists...
#28 41.25 Building dependency tree...
#28 42.60 Reading state information...
#28 44.67 The following additional packages will be installed:
#28 44.67   python-pip-whl
#28 ...

#27 [namenode 2/2] RUN apt-get update && apt-get install -y openjdk-11-jdk wget && rm -rf /var/lib/apt/lists/*
#27 198.3 Selecting previously unselected package openjdk-11-jdk:amd64.
#27 198.3 Preparing to unpack .../137-openjdk-11-jdk_11.0.30+7-1ubuntu1~22.04_amd64.deb ...
#27 198.3 Unpacking openjdk-11-jdk:amd64 (11.0.30+7-1ubuntu1~22.04) ...
#27 198.4 Setting up media-types (7.0.0) ...
#27 198.4 Setting up libgraphite2-3:amd64 (1.3.14-1build2) ...
#27 198.5 Setting up liblcms2-2:amd64 (2.12~rc1-2ubuntu0.1) ...
#27 198.5 Setting up libpciaccess0:amd64 (0.16-3) ...
#27 198.8 Setting up systemd-sysv (249.11-0ubuntu3.20) ...
#27 198.9 Setting up libxau6:amd64 (1:1.0.9-1build5) ...
#27 198.9 Setting up libpsl5:amd64 (0.21.0-1.2build2) ...
#27 198.9 Setting up wget (1.21.2-2ubuntu1.1) ...
#27 198.9 Setting up java-common (0.72build2) ...
#27 199.0 Setting up xdg-user-dirs (0.17-2ubuntu4) ...
#27 199.0 Setting up libglib2.0-0:amd64 (2.72.4-0ubuntu2.9) ...
#27 199.7 Setting up libglvnd0:amd64 (1.4.0-1) ...
#27 199.7 Setting up libbrotli1:amd64 (1.0.9-2build6) ...
#27 199.7 Setting up libsqlite3-0:amd64 (3.37.2-2ubuntu0.5) ...
#27 199.7 Setting up x11-common (1:7.7+23ubuntu2) ...
#27 201.1 debconf: unable to initialize frontend: Dialog
#27 201.2 debconf: (TERM is not set, so the dialog frontend is not usable.)
#27 201.2 debconf: falling back to frontend: Readline
#27 201.2 debconf: unable to initialize frontend: Readline
#27 201.2 debconf: (Can't locate Term/ReadLine.pm in @INC (you may need to install the Term::ReadLine module) (@INC contains: /etc/perl /usr/local/lib/x86_64-linux-gnu/perl/5.34.0 /usr/local/share/perl/5.34.0 /usr/lib/x86_64-linux-gnu/perl5/5.34 /usr/share/perl5 /usr/lib/x86_64-linux-gnu/perl-base /usr/lib/x86_64-linux-gnu/perl/5.34 /usr/share/perl/5.34 /usr/local/lib/site_perl) at /usr/share/perl5/Debconf/FrontEnd/Readline.pm line 7.)
#27 201.2 debconf: falling back to frontend: Teletype
#27 204.8 invoke-rc.d: could not determine current runlevel
#27 204.8 invoke-rc.d: policy-rc.d denied execution of start.
#27 204.9 Setting up libsensors-config (1:3.6.0-7ubuntu1) ...
#27 204.9 Setting up libnss-systemd:amd64 (249.11-0ubuntu3.20) ...
#27 204.9 First installation detected...
#27 204.9 Checking NSS setup...
#27 204.9 Setting up libpthread-stubs0-dev:amd64 (0.4-1build2) ...
#27 205.0 Setting up libdconf1:amd64 (0.40.0-3ubuntu0.1) ...
#27 205.0 Setting up libasound2-data (1.2.6.1-1ubuntu1.1) ...
#27 205.0 Setting up xtrans-dev (1.4.0-1) ...
#27 205.0 Setting up libfontenc1:amd64 (1:1.1.4-1build3) ...
#27 205.0 Setting up libglib2.0-data (2.72.4-0ubuntu2.9) ...
#27 205.0 Setting up libx11-data (2:1.7.5-1ubuntu0.3) ...
#27 205.0 Setting up libnspr4:amd64 (2:4.35-0ubuntu0.22.04.1) ...
#27 205.0 Setting up libavahi-common-data:amd64 (0.8-5ubuntu5.4) ...
#27 205.0 Setting up libdbus-1-3:amd64 (1.12.20-2ubuntu4.1) ...
#27 205.1 Setting up dbus (1.12.20-2ubuntu4.1) ...
#27 ...

#28 [spark-master 2/4] RUN apt-get update && apt-get install -y python3-pip && rm -rf /var/lib/apt/lists/*
#28 47.51 The following packages will be upgraded:
#28 47.51   python-pip-whl python3-pip
#28 47.82 2 upgraded, 0 newly installed, 0 to remove and 116 not upgraded.
#28 47.82 Need to get 2,039 kB of archives.
#28 47.82 After this operation, 5,120 B of additional disk space will be used.
#28 47.82 Get:1 http://archive.ubuntu.com/ubuntu focal-updates/universe amd64 python3-pip all 20.0.2-5ubuntu1.11 [231 kB]
#28 48.23 Get:2 http://archive.ubuntu.com/ubuntu focal-updates/universe amd64 python-pip-whl all 20.0.2-5ubuntu1.11 [1,808 kB]
#28 54.07 debconf: delaying package configuration, since apt-utils is not installed
#28 54.25 Fetched 2,039 kB in 1s (1,993 kB/s)
#28 54.82 (Reading database ... (Reading database ... 5%(Reading database ... 10%(Reading database ... 15%(Reading database ... 20%(Reading database ... 25%(Reading database ... 30%(Reading database ... 35%(Reading database ... 40%(Reading database ... 45%(Reading database ... 50%(Reading database ... 55%(Reading database ... 60%(Reading database ... 65%(Reading database ... 70%(Reading database ... 75%(Reading database ... 80%(Reading database ... 85%(Reading database ... 90%(Reading database ... 95%(Reading database ... 100%(Reading database ... 17417 files and directories currently installed.)
#28 55.33 Preparing to unpack .../python3-pip_20.0.2-5ubuntu1.11_all.deb ...
#28 ...

#27 [namenode 2/2] RUN apt-get update && apt-get install -y openjdk-11-jdk wget && rm -rf /var/lib/apt/lists/*
#27 211.6 Setting up libpng16-16:amd64 (1.6.37-3ubuntu0.4) ...
#27 211.6 Setting up systemd-timesyncd (249.11-0ubuntu3.20) ...
#27 ...

#28 [spark-master 2/4] RUN apt-get update && apt-get install -y python3-pip && rm -rf /var/lib/apt/lists/*
#28 65.96 Unpacking python3-pip (20.0.2-5ubuntu1.11) over (20.0.2-5ubuntu1.9) ...
#28 ...

#26 [jupyter 1/3] FROM docker.io/jupyter/base-notebook:latest@sha256:8c903974902b0e9d45d9823c2234411de0614c5c98c4bb782b3d4f55b3e435e6
#26 extracting sha256:964fc3e4ff9f3bb80c77f28ca6318e4e121dc657731158efb42f322dd7f521c3 76.7s done
#26 DONE 226.1s

#26 [jupyter 1/3] FROM docker.io/jupyter/base-notebook:latest@sha256:8c903974902b0e9d45d9823c2234411de0614c5c98c4bb782b3d4f55b3e435e6
#26 extracting sha256:2c4c69587ee486a6d786449a71621bdcbc4ad1653c5f7f5848e0eb5a7deaa786 0.1s done
#26 DONE 226.2s

#27 [namenode 2/2] RUN apt-get update && apt-get install -y openjdk-11-jdk wget && rm -rf /var/lib/apt/lists/*
#27 217.5 Created symlink /etc/systemd/system/dbus-org.freedesktop.timesync1.service → /lib/systemd/system/systemd-timesyncd.service.
#27 217.5 Created symlink /etc/systemd/system/sysinit.target.wants/systemd-timesyncd.service → /lib/systemd/system/systemd-timesyncd.service.
#27 217.5 Setting up fonts-dejavu-core (2.37-2build1) ...
#27 ...

#26 [jupyter 1/3] FROM docker.io/jupyter/base-notebook:latest@sha256:8c903974902b0e9d45d9823c2234411de0614c5c98c4bb782b3d4f55b3e435e6
#26 extracting sha256:4f4fb700ef54461cfa02571ae0db9a0dc1e0cdb5577484a6d75e68dc38e8acc1 0.4s done
#26 extracting sha256:de2cdd875fa8d3fe6e191d8b1c0dd0bfb677cba16a0fe1a67dd66bef00da6dac 0.1s done
#26 extracting sha256:75d33599f5f251fdff33b1556b84d51b4bfef6781fe41672deea7a5fae31b57e 0.1s done
#26 DONE 226.9s

#29 [jupyter 2/3] RUN pip install --no-cache-dir pyspark==3.4.1 pandas numpy matplotlib seaborn scikit-learn
#29 ...

#27 [namenode 2/2] RUN apt-get update && apt-get install -y openjdk-11-jdk wget && rm -rf /var/lib/apt/lists/*
#27 218.1 Setting up libpcsclite1:amd64 (1.9.5-3ubuntu1) ...
#27 218.1 Setting up ucf (3.0043) ...
#27 218.8 debconf: unable to initialize frontend: Dialog
#27 218.8 debconf: (TERM is not set, so the dialog frontend is not usable.)
#27 218.8 debconf: falling back to frontend: Readline
#27 218.8 debconf: unable to initialize frontend: Readline
#27 218.8 debconf: (Can't locate Term/ReadLine.pm in @INC (you may need to install the Term::ReadLine module) (@INC contains: /etc/perl /usr/local/lib/x86_64-linux-gnu/perl/5.34.0 /usr/local/share/perl/5.34.0 /usr/lib/x86_64-linux-gnu/perl5/5.34 /usr/share/perl5 /usr/lib/x86_64-linux-gnu/perl-base /usr/lib/x86_64-linux-gnu/perl/5.34 /usr/share/perl/5.34 /usr/local/lib/site_perl) at /usr/share/perl5/Debconf/FrontEnd/Readline.pm line 7.)
#27 218.8 debconf: falling back to frontend: Teletype
#27 218.9 Setting up libsensors5:amd64 (1:3.6.0-7ubuntu1) ...
#27 218.9 Setting up libjpeg-turbo8:amd64 (2.1.2-0ubuntu1) ...
#27 218.9 Setting up libglapi-mesa:amd64 (23.2.1-1ubuntu3.1~22.04.3) ...
#27 218.9 Setting up libgif7:amd64 (5.1.9-2ubuntu0.1) ...
#27 223.0 Setting up libatk1.0-data (2.36.0-3build1) ...
#27 223.0 Setting up fonts-dejavu-extra (2.37-2build1) ...
#27 223.0 Setting up libmd0:amd64 (1.0.4-1build1) ...
#27 223.0 Setting up alsa-topology-conf (1.2.5.1-2) ...
#27 223.0 Setting up dmsetup (2:1.02.175-2.1ubuntu5) ...
#27 223.1 Setting up libxshmfence1:amd64 (1.3-1build4) ...
#27 223.1 Setting up libasound2:amd64 (1.2.6.1-1ubuntu1.1) ...
#27 223.1 Setting up libmpdec3:amd64 (2.5.1-2build2) ...
#27 223.2 Setting up libpam-systemd:amd64 (249.11-0ubuntu3.20) ...
#27 224.4 debconf: unable to initialize frontend: Dialog
#27 224.4 debconf: (TERM is not set, so the dialog frontend is not usable.)
#27 224.4 debconf: falling back to frontend: Readline
#27 224.4 debconf: unable to initialize frontend: Readline
#27 224.4 debconf: (Can't locate Term/ReadLine.pm in @INC (you may need to install the Term::ReadLine module) (@INC contains: /etc/perl /usr/local/lib/x86_64-linux-gnu/perl/5.34.0 /usr/local/share/perl/5.34.0 /usr/lib/x86_64-linux-gnu/perl5/5.34 /usr/share/perl5 /usr/lib/x86_64-linux-gnu/perl-base /usr/lib/x86_64-linux-gnu/perl/5.34 /usr/share/perl/5.34 /usr/local/lib/site_perl) at /usr/share/perl5/Debconf/FrontEnd/Readline.pm line 7.)
#27 224.4 debconf: falling back to frontend: Teletype
#27 ...

#28 [spark-master 2/4] RUN apt-get update && apt-get install -y python3-pip && rm -rf /var/lib/apt/lists/*
#28 68.01 Preparing to unpack .../python-pip-whl_20.0.2-5ubuntu1.11_all.deb ...
#28 68.04 Unpacking python-pip-whl (20.0.2-5ubuntu1.11) over (20.0.2-5ubuntu1.9) ...
#28 73.44 Setting up python-pip-whl (20.0.2-5ubuntu1.11) ...
#28 73.46 Setting up python3-pip (20.0.2-5ubuntu1.11) ...
#28 ...

#27 [namenode 2/2] RUN apt-get update && apt-get install -y openjdk-11-jdk wget && rm -rf /var/lib/apt/lists/*
#27 229.7 Setting up libgirepository-1.0-1:amd64 (1.72.0-1) ...
#27 229.7 Setting up xorg-sgml-doctools (1:1.11-1.1) ...
#27 229.7 Setting up libatk1.0-0:amd64 (2.36.0-3build1) ...
#27 229.8 Setting up openssl (3.0.2-0ubuntu1.23) ...
#27 235.6 Setting up libbsd0:amd64 (0.11.5-1) ...
#27 240.4 Setting up libdrm-common (2.4.113-2~ubuntu0.22.04.1) ...
#27 240.4 Setting up libelf1:amd64 (0.186-1ubuntu0.1) ...
#27 ...

#28 [spark-worker 2/4] RUN apt-get update && apt-get install -y python3-pip && rm -rf /var/lib/apt/lists/*
#28 DONE 89.7s

#30 [spark-worker 3/4] RUN pip3 install pandas numpy pyspark==3.4.1
#30 ...

#25 [tensorflow 1/3] FROM docker.io/tensorflow/tensorflow:2.13.0@sha256:f133c99eba6e59b921ea7543c81417cd831c9983f5d6ce65dff7adb0ec79d830
#25 extracting sha256:4983425daedd245ee48fc06e80f4961c0485650d5283456475bcdd3b515e9d68 124.8s done
#25 extracting sha256:d10bf76e378a9430903dce8bec34a2f86a3751124dcd3055af0a8c72cfacf68b 0.2s done
#25 extracting sha256:17f02e3f1db1608f593d7e5a3b55de8d6e331ad08c39ac129d6321ed1f269f37 0.5s done
#25 DONE 250.2s

#27 [namenode 2/2] RUN apt-get update && apt-get install -y openjdk-11-jdk wget && rm -rf /var/lib/apt/lists/*
#27 240.6 Setting up readline-common (8.1.2-1) ...
#27 240.7 Setting up publicsuffix (20211207.1025-1) ...
#27 240.7 Setting up libicu70:amd64 (70.1-2) ...
#27 241.1 Setting up libjpeg8:amd64 (8c-2ubuntu10) ...
#27 241.1 Setting up x11proto-dev (2021.5-1) ...
#27 241.1 Setting up libice6:amd64 (2:1.0.10-1build2) ...
#27 241.1 Setting up session-migration (0.3.6) ...
#27 242.6 Created symlink /etc/systemd/user/graphical-session-pre.target.wants/session-migration.service → /usr/lib/systemd/user/session-migration.service.
#27 242.6 Setting up libxdmcp6:amd64 (1:1.1.3-0ubuntu5) ...
#27 242.6 Setting up libxcb1:amd64 (1.14-3ubuntu3) ...
#27 242.6 Setting up libxcb-xfixes0:amd64 (1.14-3ubuntu3) ...
#27 242.6 Setting up libxau-dev:amd64 (1:1.0.9-1build5) ...
#27 242.6 Setting up libice-dev:amd64 (2:1.0.10-1build2) ...
#27 242.6 Setting up alsa-ucm-conf (1.2.6.3-1ubuntu1.12) ...
#27 242.6 Setting up fontconfig-config (2.13.1-4.2ubuntu5) ...
#27 244.6 Setting up libxcb-glx0:amd64 (1.14-3ubuntu3) ...
#27 244.6 Setting up libedit2:amd64 (3.1-20210910-1build1) ...
#27 244.6 Setting up libreadline8:amd64 (8.1.2-1) ...
#27 ...

#29 [jupyter 2/3] RUN pip install --no-cache-dir pyspark==3.4.1 pandas numpy matplotlib seaborn scikit-learn
#29 16.54 Collecting pyspark==3.4.1
#29 16.84   Downloading pyspark-3.4.1.tar.gz (310.8 MB)
#29 24.17      ━━━━━━━━━━━━━━━━━━━━━━━━━━━━━━━━━━━━━━ 310.8/310.8 MB 79.3 MB/s eta 0:00:00
#29 ...

#27 [namenode 2/2] RUN apt-get update && apt-get install -y openjdk-11-jdk wget && rm -rf /var/lib/apt/lists/*
#27 245.0 Setting up libxcb-shape0:amd64 (1.14-3ubuntu3) ...
#27 245.0 Setting up libavahi-common3:amd64 (0.8-5ubuntu5.4) ...
#27 245.0 Setting up libnss3:amd64 (2:3.98-0ubuntu0.22.04.3) ...
#27 245.0 Setting up libxcb-shm0:amd64 (1.14-3ubuntu3) ...
#27 247.5 Setting up libxcb-present0:amd64 (1.14-3ubuntu3) ...
#27 247.6 Setting up libpython3.10-stdlib:amd64 (3.10.12-1~22.04.15) ...
#27 247.6 Setting up ca-certificates (20240203~22.04.1) ...
#27 249.0 debconf: unable to initialize frontend: Dialog
#27 249.0 debconf: (TERM is not set, so the dialog frontend is not usable.)
#27 249.0 debconf: falling back to frontend: Readline
#27 249.0 debconf: unable to initialize frontend: Readline
#27 249.0 debconf: (Can't locate Term/ReadLine.pm in @INC (you may need to install the Term::ReadLine module) (@INC contains: /etc/perl /usr/local/lib/x86_64-linux-gnu/perl/5.34.0 /usr/local/share/perl/5.34.0 /usr/lib/x86_64-linux-gnu/perl5/5.34 /usr/share/perl5 /usr/lib/x86_64-linux-gnu/perl-base /usr/lib/x86_64-linux-gnu/perl/5.34 /usr/share/perl/5.34 /usr/local/lib/site_perl) at /usr/share/perl5/Debconf/FrontEnd/Readline.pm line 7.)
#27 249.0 debconf: falling back to frontend: Teletype
#27 ...

#31 [tensorflow 2/3] RUN pip install --no-cache-dir keras pandas numpy scikit-learn matplotlib seaborn
#31 ...

#27 [namenode 2/2] RUN apt-get update && apt-get install -y openjdk-11-jdk wget && rm -rf /var/lib/apt/lists/*
#27 255.2 Updating certificates in /etc/ssl/certs...
#27 ...

#24 [airflow 1/2] FROM docker.io/apache/airflow:2.7.0@sha256:7a1d5453d5511e662d093c534dbab9417a3210af162e81e4c51056dd2c01a84e
#24 extracting sha256:498d44849ec9c9d678c88b3699dbf1d500d4f8a69d10cae1d220ea5cd99124a8 116.6s done
#24 DONE 265.8s

#24 [airflow 1/2] FROM docker.io/apache/airflow:2.7.0@sha256:7a1d5453d5511e662d093c534dbab9417a3210af162e81e4c51056dd2c01a84e
#24 extracting sha256:3a2c61bfef891b763b53a95024ccf78c321b34e8928f6306914352e3b617b2ff 0.1s done
#24 extracting sha256:00bdec6ceb03d5372278d16d959f7ac4fd2ab993413ce5a35b9cf042e206ca67 0.1s done
#24 DONE 265.9s

#31 [tensorflow 2/3] RUN pip install --no-cache-dir keras pandas numpy scikit-learn matplotlib seaborn
#31 ...

#24 [airflow 1/2] FROM docker.io/apache/airflow:2.7.0@sha256:7a1d5453d5511e662d093c534dbab9417a3210af162e81e4c51056dd2c01a84e
#24 extracting sha256:786ff8177bcfeaef10aadaa27b77fc86d7157e65107bf74bddf46ebcb4f5a141
#24 extracting sha256:786ff8177bcfeaef10aadaa27b77fc86d7157e65107bf74bddf46ebcb4f5a141 2.3s done
#24 DONE 268.2s

#31 [tensorflow 2/3] RUN pip install --no-cache-dir keras pandas numpy scikit-learn matplotlib seaborn
#31 16.30 Requirement already satisfied: keras in /usr/local/lib/python3.8/dist-packages (2.13.1)
#31 ...

#24 [airflow 1/2] FROM docker.io/apache/airflow:2.7.0@sha256:7a1d5453d5511e662d093c534dbab9417a3210af162e81e4c51056dd2c01a84e
#24 extracting sha256:2cadef48ea3d5227b9e8165c69250820afdfe3fe91863f04510b1574b79bc910 0.1s done
#24 DONE 268.3s

#24 [airflow 1/2] FROM docker.io/apache/airflow:2.7.0@sha256:7a1d5453d5511e662d093c534dbab9417a3210af162e81e4c51056dd2c01a84e
#24 extracting sha256:65df45c4e1d577c08dd3e5f3934cb1109b8d74b76d96a1cfafedb9c406b68fdd 0.0s done
#24 extracting sha256:8ce1ae1758b6c0e66933d80a485a81de61607b24674d95c7aaeed1358db9e311 0.0s done
#24 extracting sha256:79fae023c644089a8ed318e699bc90e44adda8621d8e84056ed593d73f0a5c43
#24 extracting sha256:79fae023c644089a8ed318e699bc90e44adda8621d8e84056ed593d73f0a5c43 2.6s done
#24 DONE 271.0s

#31 [tensorflow 2/3] RUN pip install --no-cache-dir keras pandas numpy scikit-learn matplotlib seaborn
#31 18.34 Collecting pandas
#31 18.43   Downloading pandas-2.0.3-cp38-cp38-manylinux_2_17_x86_64.manylinux2014_x86_64.whl (12.4 MB)
#31 19.16      ━━━━━━━━━━━━━━━━━━━━━━━━━━━━━━━━━━━━━━━━ 12.4/12.4 MB 32.6 MB/s eta 0:00:00
#31 19.61 Requirement already satisfied: numpy in /usr/local/lib/python3.8/dist-packages (1.24.3)
#31 20.44 Collecting scikit-learn
#31 20.49   Downloading scikit_learn-1.3.2-cp38-cp38-manylinux_2_17_x86_64.manylinux2014_x86_64.whl (11.1 MB)
#31 21.06      ━━━━━━━━━━━━━━━━━━━━━━━━━━━━━━━━━━━━━━━━ 11.1/11.1 MB 21.2 MB/s eta 0:00:00
#31 ...

#24 [airflow 1/2] FROM docker.io/apache/airflow:2.7.0@sha256:7a1d5453d5511e662d093c534dbab9417a3210af162e81e4c51056dd2c01a84e
#24 extracting sha256:6d19a77e37e1694629489ad5ecf79b9163709ae41d95b393f7b7bdc046621db6 0.1s done
#24 extracting sha256:4f4fb700ef54461cfa02571ae0db9a0dc1e0cdb5577484a6d75e68dc38e8acc1 0.5s done
#24 DONE 271.6s

#24 [airflow 1/2] FROM docker.io/apache/airflow:2.7.0@sha256:7a1d5453d5511e662d093c534dbab9417a3210af162e81e4c51056dd2c01a84e
#24 extracting sha256:a8716366df095b3613409cdd08c308e5102c9dd31d79af7bc3f58da6998f06df 0.1s done
#24 extracting sha256:a90b2834ebf466940233e07fa01866381ba814849b4c9319007556ba1663e0cf 0.1s done
#24 DONE 271.7s

#29 [jupyter 2/3] RUN pip install --no-cache-dir pyspark==3.4.1 pandas numpy matplotlib seaborn scikit-learn
#29 ...

#32 [airflow 2/2] RUN pip install --no-cache-dir apache-airflow-providers-apache-spark pandas numpy
#32 ...

#31 [tensorflow 2/3] RUN pip install --no-cache-dir keras pandas numpy scikit-learn matplotlib seaborn
#31 23.76 Collecting matplotlib
#31 23.76   Downloading matplotlib-3.7.5-cp38-cp38-manylinux_2_12_x86_64.manylinux2010_x86_64.whl (9.2 MB)
#31 23.84      ━━━━━━━━━━━━━━━━━━━━━━━━━━━━━━━━━━━━━━━━ 9.2/9.2 MB 141.5 MB/s eta 0:00:00
#31 23.93 Collecting seaborn
#31 23.93   Downloading seaborn-0.13.2-py3-none-any.whl (294 kB)
#31 23.94      ━━━━━━━━━━━━━━━━━━━━━━━━━━━━━━━━━━━━━━ 294.9/294.9 kB 66.3 MB/s eta 0:00:00
#31 24.16 Collecting python-dateutil>=2.8.2 (from pandas)
#31 24.16   Downloading python_dateutil-2.9.0.post0-py2.py3-none-any.whl (229 kB)
#31 24.17      ━━━━━━━━━━━━━━━━━━━━━━━━━━━━━━━━━━━━━ 229.9/229.9 kB 256.0 MB/s eta 0:00:00
#31 24.33 Collecting pytz>=2020.1 (from pandas)
#31 24.34   Downloading pytz-2026.1.post1-py2.py3-none-any.whl (510 kB)
#31 24.34      ━━━━━━━━━━━━━━━━━━━━━━━━━━━━━━━━━━━━━ 510.5/510.5 kB 219.8 MB/s eta 0:00:00
#31 24.38 Collecting tzdata>=2022.1 (from pandas)
#31 24.39   Downloading tzdata-2026.2-py2.py3-none-any.whl (349 kB)
#31 24.40      ━━━━━━━━━━━━━━━━━━━━━━━━━━━━━━━━━━━━━ 349.3/349.3 kB 225.3 MB/s eta 0:00:00
#31 25.31 Collecting scipy>=1.5.0 (from scikit-learn)
#31 25.34   Downloading scipy-1.10.1-cp38-cp38-manylinux_2_17_x86_64.manylinux2014_x86_64.whl (34.5 MB)
#31 26.64      ━━━━━━━━━━━━━━━━━━━━━━━━━━━━━━━━━━━━━━━━ 34.5/34.5 MB 16.8 MB/s eta 0:00:00
#31 27.33 Collecting joblib>=1.1.1 (from scikit-learn)
#31 27.34   Downloading joblib-1.4.2-py3-none-any.whl (301 kB)
#31 27.39      ━━━━━━━━━━━━━━━━━━━━━━━━━━━━━━━━━━━━━━ 301.8/301.8 kB 13.9 MB/s eta 0:00:00
#31 27.46 Collecting threadpoolctl>=2.0.0 (from scikit-learn)
#31 27.46   Downloading threadpoolctl-3.5.0-py3-none-any.whl (18 kB)
#31 28.63 Collecting contourpy>=1.0.1 (from matplotlib)
#31 28.65   Downloading contourpy-1.1.1-cp38-cp38-manylinux_2_17_x86_64.manylinux2014_x86_64.whl (301 kB)
#31 28.69      ━━━━━━━━━━━━━━━━━━━━━━━━━━━━━━━━━━━━━━ 301.1/301.1 kB 88.5 MB/s eta 0:00:00
#31 28.74 Collecting cycler>=0.10 (from matplotlib)
#31 28.75   Downloading cycler-0.12.1-py3-none-any.whl (8.3 kB)
#31 31.62 Collecting fonttools>=4.22.0 (from matplotlib)
#31 31.63   Downloading fonttools-4.57.0-cp38-cp38-manylinux_2_17_x86_64.manylinux2014_x86_64.whl (4.7 MB)
#31 31.86      ━━━━━━━━━━━━━━━━━━━━━━━━━━━━━━━━━━━━━━━━ 4.7/4.7 MB 23.7 MB/s eta 0:00:00
#31 ...

#30 [spark-master 3/4] RUN pip3 install pandas numpy pyspark==3.4.1
#30 22.86 Collecting pandas
#30 22.92   Downloading pandas-2.0.3-cp38-cp38-manylinux_2_17_x86_64.manylinux2014_x86_64.whl (12.4 MB)
#30 ...

#27 [namenode 2/2] RUN apt-get update && apt-get install -y openjdk-11-jdk wget && rm -rf /var/lib/apt/lists/*
#27 263.7 146 added, 0 removed; done.
#27 267.2 Setting up dbus-user-session (1.12.20-2ubuntu4.1) ...
#27 267.7 Setting up libxdmcp-dev:amd64 (1:1.1.3-0ubuntu5) ...
#27 267.7 Setting up libfreetype6:amd64 (2.11.1+dfsg-1ubuntu0.3) ...
#27 267.7 Setting up libxcb-sync1:amd64 (1.14-3ubuntu3) ...
#27 267.7 Setting up gir1.2-glib-2.0:amd64 (1.72.0-1) ...
#27 267.7 Setting up libxcb-dri2-0:amd64 (1.14-3ubuntu3) ...
#27 267.8 Setting up libdrm2:amd64 (2.4.113-2~ubuntu0.22.04.1) ...
#27 267.8 Setting up libxcb-randr0:amd64 (1.14-3ubuntu3) ...
#27 267.8 Setting up libx11-6:amd64 (2:1.7.5-1ubuntu0.3) ...
#27 267.9 Setting up libharfbuzz0b:amd64 (2.7.4-1ubuntu3.2) ...
#27 267.9 Setting up libfontconfig1:amd64 (2.13.1-4.2ubuntu5) ...
#27 267.9 Setting up libxkbfile1:amd64 (1:1.1.0-1build3) ...
#27 267.9 Setting up libxcomposite1:amd64 (1:0.4.5-1build2) ...
#27 268.0 Setting up libsm6:amd64 (2:1.2.3-1build2) ...
#27 268.0 Setting up libxml2:amd64 (2.9.13+dfsg-1ubuntu0.11) ...
#27 268.0 Setting up libavahi-client3:amd64 (0.8-5ubuntu5.4) ...
#27 268.0 Setting up libxmuu1:amd64 (2:1.1.3-3) ...
#27 268.3 Setting up libpython3-stdlib:amd64 (3.10.6-1~22.04.1) ...
#27 268.4 Setting up libdrm-amdgpu1:amd64 (2.4.113-2~ubuntu0.22.04.1) ...
#27 268.4 Setting up libxcb-dri3-0:amd64 (1.14-3ubuntu3) ...
#27 268.4 Setting up libx11-xcb1:amd64 (2:1.7.5-1ubuntu0.3) ...
#27 268.4 Setting up libdrm-nouveau2:amd64 (2.4.113-2~ubuntu0.22.04.1) ...
#27 268.4 Setting up libxcb1-dev:amd64 (1.14-3ubuntu3) ...
#27 268.5 Setting up python3.10 (3.10.12-1~22.04.15) ...
#27 ...

#31 [tensorflow 2/3] RUN pip install --no-cache-dir keras pandas numpy scikit-learn matplotlib seaborn
#31 32.80 Collecting kiwisolver>=1.0.1 (from matplotlib)
#31 32.80   Downloading kiwisolver-1.4.7-cp38-cp38-manylinux_2_5_x86_64.manylinux1_x86_64.whl (1.2 MB)
#31 32.85      ━━━━━━━━━━━━━━━━━━━━━━━━━━━━━━━━━━━━━━━━ 1.2/1.2 MB 66.9 MB/s eta 0:00:00
#31 32.88 Requirement already satisfied: packaging>=20.0 in /usr/local/lib/python3.8/dist-packages (from matplotlib) (23.1)
#31 ...

#29 [jupyter 2/3] RUN pip install --no-cache-dir pyspark==3.4.1 pandas numpy matplotlib seaborn scikit-learn
#29 47.39   Preparing metadata (setup.py): started
#29 53.36   Preparing metadata (setup.py): finished with status 'done'
#29 54.20 Collecting pandas
#29 54.21   Downloading pandas-3.0.2-cp311-cp311-manylinux_2_24_x86_64.manylinux_2_28_x86_64.whl.metadata (79 kB)
#29 54.21      ━━━━━━━━━━━━━━━━━━━━━━━━━━━━━━━━━━━━━━━ 79.5/79.5 kB 261.2 MB/s eta 0:00:00
#29 56.35 Collecting numpy
#29 56.36   Downloading numpy-2.4.4-cp311-cp311-manylinux_2_27_x86_64.manylinux_2_28_x86_64.whl.metadata (6.6 kB)
#29 58.28 Collecting matplotlib
#29 58.29   Downloading matplotlib-3.10.9-cp311-cp311-manylinux2014_x86_64.manylinux_2_17_x86_64.whl.metadata (52 kB)
#29 58.31      ━━━━━━━━━━━━━━━━━━━━━━━━━━━━━━━━━━━━━━━ 52.8/52.8 kB 156.0 MB/s eta 0:00:00
#29 58.51 Collecting seaborn
#29 58.53   Downloading seaborn-0.13.2-py3-none-any.whl.metadata (5.4 kB)
#29 ...

#31 [tensorflow 2/3] RUN pip install --no-cache-dir keras pandas numpy scikit-learn matplotlib seaborn
#31 35.79 Collecting pillow>=6.2.0 (from matplotlib)
#31 35.81   Downloading pillow-10.4.0-cp38-cp38-manylinux_2_28_x86_64.whl (4.5 MB)
#31 35.93      ━━━━━━━━━━━━━━━━━━━━━━━━━━━━━━━━━━━━━━━━ 4.5/4.5 MB 45.5 MB/s eta 0:00:00
#31 36.33 Collecting pyparsing>=2.3.1 (from matplotlib)
#31 36.33   Downloading pyparsing-3.1.4-py3-none-any.whl (104 kB)
#31 36.58      ━━━━━━━━━━━━━━━━━━━━━━━━━━━━━━━━━━━━━ 104.1/104.1 kB 644.8 kB/s eta 0:00:00
#31 37.36 Collecting importlib-resources>=3.2.0 (from matplotlib)
#31 37.40   Downloading importlib_resources-6.4.5-py3-none-any.whl (36 kB)
#31 38.39 Requirement already satisfied: zipp>=3.1.0 in /usr/local/lib/python3.8/dist-packages (from importlib-resources>=3.2.0->matplotlib) (3.15.0)
#31 39.09 Requirement already satisfied: six>=1.5 in /usr/lib/python3/dist-packages (from python-dateutil>=2.8.2->pandas) (1.14.0)
#31 ...

#29 [jupyter 2/3] RUN pip install --no-cache-dir pyspark==3.4.1 pandas numpy matplotlib seaborn scikit-learn
#29 59.42 Collecting scikit-learn
#29 59.44   Downloading scikit_learn-1.8.0-cp311-cp311-manylinux_2_27_x86_64.manylinux_2_28_x86_64.whl.metadata (11 kB)
#29 59.91 Collecting py4j==0.10.9.7 (from pyspark==3.4.1)
#29 59.91   Downloading py4j-0.10.9.7-py2.py3-none-any.whl.metadata (1.5 kB)
#29 60.99 Requirement already satisfied: python-dateutil>=2.8.2 in /opt/conda/lib/python3.11/site-packages (from pandas) (2.8.2)
#29 62.06 Collecting contourpy>=1.0.1 (from matplotlib)
#29 62.23   Downloading contourpy-1.3.3-cp311-cp311-manylinux_2_27_x86_64.manylinux_2_28_x86_64.whl.metadata (5.5 kB)
#29 62.54 Collecting cycler>=0.10 (from matplotlib)
#29 62.56   Downloading cycler-0.12.1-py3-none-any.whl.metadata (3.8 kB)
#29 64.51 Collecting fonttools>=4.22.0 (from matplotlib)
#29 64.52   Downloading fonttools-4.62.1-cp311-cp311-manylinux2014_x86_64.manylinux_2_17_x86_64.whl.metadata (117 kB)
#29 64.53      ━━━━━━━━━━━━━━━━━━━━━━━━━━━━━━━━━━━━━ 117.5/117.5 kB 236.1 MB/s eta 0:00:00
#29 65.21 Collecting kiwisolver>=1.3.1 (from matplotlib)
#29 65.22   Downloading kiwisolver-1.5.0-cp311-cp311-manylinux2014_x86_64.manylinux_2_17_x86_64.whl.metadata (5.1 kB)
#29 65.26 Requirement already satisfied: packaging>=20.0 in /opt/conda/lib/python3.11/site-packages (from matplotlib) (23.2)
#29 ...

#31 [tensorflow 2/3] RUN pip install --no-cache-dir keras pandas numpy scikit-learn matplotlib seaborn
#31 43.79 Installing collected packages: pytz, tzdata, threadpoolctl, scipy, python-dateutil, pyparsing, pillow, kiwisolver, joblib, importlib-resources, fonttools, cycler, contourpy, scikit-learn, pandas, matplotlib, seaborn
#31 ...

#27 [namenode 2/2] RUN apt-get update && apt-get install -y openjdk-11-jdk wget && rm -rf /var/lib/apt/lists/*
#27 277.2 Setting up libxpm4:amd64 (1:3.5.12-1ubuntu0.22.04.2) ...
#27 277.2 Setting up libxrender1:amd64 (1:0.9.10-1build4) ...
#27 277.2 Setting up libsm-dev:amd64 (2:1.2.3-1build2) ...
#27 277.2 Setting up libdrm-radeon1:amd64 (2.4.113-2~ubuntu0.22.04.1) ...
#27 277.3 Setting up libdrm-intel1:amd64 (2.4.113-2~ubuntu0.22.04.1) ...
#27 277.3 Setting up libx11-dev:amd64 (2:1.7.5-1ubuntu0.3) ...
#27 277.3 Setting up libxext6:amd64 (2:1.3.4-1build1) ...
#27 277.3 Setting up dconf-service (0.40.0-3ubuntu0.1) ...
#27 277.3 Setting up python3 (3.10.6-1~22.04.1) ...
#27 277.4 running python rtupdate hooks for python3.10...
#27 277.4 running python post-rtupdate hooks for python3.10...
#27 279.7 Setting up libxxf86vm1:amd64 (1:1.1.4-1build3) ...
#27 279.7 Setting up libxfixes3:amd64 (1:6.0.0-1) ...
#27 279.7 Setting up python3-gi (3.42.1-0ubuntu1) ...
#27 281.5 Setting up shared-mime-info (2.1-2) ...
#27 ...

#29 [jupyter 2/3] RUN pip install --no-cache-dir pyspark==3.4.1 pandas numpy matplotlib seaborn scikit-learn
#29 67.19 Collecting pillow>=8 (from matplotlib)
#29 67.20   Downloading pillow-12.2.0-cp311-cp311-manylinux_2_27_x86_64.manylinux_2_28_x86_64.whl.metadata (8.8 kB)
#29 67.44 Collecting pyparsing>=3 (from matplotlib)
#29 67.45   Downloading pyparsing-3.3.2-py3-none-any.whl.metadata (5.8 kB)
#29 70.05 Collecting scipy>=1.10.0 (from scikit-learn)
#29 70.07   Downloading scipy-1.17.1-cp311-cp311-manylinux_2_27_x86_64.manylinux_2_28_x86_64.whl.metadata (62 kB)
#29 70.08      ━━━━━━━━━━━━━━━━━━━━━━━━━━━━━━━━━━━━━━━ 62.1/62.1 kB 183.7 MB/s eta 0:00:00
#29 70.30 Collecting joblib>=1.3.0 (from scikit-learn)
#29 70.32   Downloading joblib-1.5.3-py3-none-any.whl.metadata (5.5 kB)
#29 70.68 Collecting threadpoolctl>=3.2.0 (from scikit-learn)
#29 70.68   Downloading threadpoolctl-3.6.0-py3-none-any.whl.metadata (13 kB)
#29 72.18 Requirement already satisfied: six>=1.5 in /opt/conda/lib/python3.11/site-packages (from python-dateutil>=2.8.2->pandas) (1.16.0)
#29 ...

#30 [spark-master 3/4] RUN pip3 install pandas numpy pyspark==3.4.1
#30 39.64 Collecting numpy
#30 39.65   Downloading numpy-1.24.4-cp38-cp38-manylinux_2_17_x86_64.manylinux2014_x86_64.whl (17.3 MB)
#30 44.42 Collecting pyspark==3.4.1
#30 44.45   Downloading pyspark-3.4.1.tar.gz (310.8 MB)
#30 ...

#29 [jupyter 2/3] RUN pip install --no-cache-dir pyspark==3.4.1 pandas numpy matplotlib seaborn scikit-learn
#29 72.64 Downloading py4j-0.10.9.7-py2.py3-none-any.whl (200 kB)
#29 72.66    ━━━━━━━━━━━━━━━━━━━━━━━━━━━━━━━━━━━━━━━━ 200.5/200.5 kB 68.0 MB/s eta 0:00:00
#29 72.68 Downloading pandas-3.0.2-cp311-cp311-manylinux_2_24_x86_64.manylinux_2_28_x86_64.whl (11.3 MB)
#29 73.18    ━━━━━━━━━━━━━━━━━━━━━━━━━━━━━━━━━━━━━━━━ 11.3/11.3 MB 21.9 MB/s eta 0:00:00
#29 73.20 Downloading numpy-2.4.4-cp311-cp311-manylinux_2_27_x86_64.manylinux_2_28_x86_64.whl (16.9 MB)
#29 73.65    ━━━━━━━━━━━━━━━━━━━━━━━━━━━━━━━━━━━━━━━━ 16.9/16.9 MB 65.7 MB/s eta 0:00:00
#29 73.68 Downloading matplotlib-3.10.9-cp311-cp311-manylinux2014_x86_64.manylinux_2_17_x86_64.whl (8.8 MB)
#29 73.92    ━━━━━━━━━━━━━━━━━━━━━━━━━━━━━━━━━━━━━━━━ 8.8/8.8 MB 37.9 MB/s eta 0:00:00
#29 73.94 Downloading seaborn-0.13.2-py3-none-any.whl (294 kB)
#29 73.95    ━━━━━━━━━━━━━━━━━━━━━━━━━━━━━━━━━━━━━━━ 294.9/294.9 kB 129.0 MB/s eta 0:00:00
#29 73.96 Downloading scikit_learn-1.8.0-cp311-cp311-manylinux_2_27_x86_64.manylinux_2_28_x86_64.whl (9.1 MB)
#29 74.09    ━━━━━━━━━━━━━━━━━━━━━━━━━━━━━━━━━━━━━━━━ 9.1/9.1 MB 79.7 MB/s eta 0:00:00
#29 74.12 Downloading contourpy-1.3.3-cp311-cp311-manylinux_2_27_x86_64.manylinux_2_28_x86_64.whl (355 kB)
#29 74.13    ━━━━━━━━━━━━━━━━━━━━━━━━━━━━━━━━━━━━━━━ 355.2/355.2 kB 128.2 MB/s eta 0:00:00
#29 74.15 Downloading cycler-0.12.1-py3-none-any.whl (8.3 kB)
#29 74.16 Downloading fonttools-4.62.1-cp311-cp311-manylinux2014_x86_64.manylinux_2_17_x86_64.whl (5.1 MB)
#29 74.31    ━━━━━━━━━━━━━━━━━━━━━━━━━━━━━━━━━━━━━━━━ 5.1/5.1 MB 35.5 MB/s eta 0:00:00
#29 74.33 Downloading joblib-1.5.3-py3-none-any.whl (309 kB)
#29 74.36    ━━━━━━━━━━━━━━━━━━━━━━━━━━━━━━━━━━━━━━━━ 309.1/309.1 kB 54.3 MB/s eta 0:00:00
#29 74.36 Downloading kiwisolver-1.5.0-cp311-cp311-manylinux2014_x86_64.manylinux_2_17_x86_64.whl (1.4 MB)
#29 74.39    ━━━━━━━━━━━━━━━━━━━━━━━━━━━━━━━━━━━━━━━━ 1.4/1.4 MB 109.7 MB/s eta 0:00:00
#29 74.41 Downloading pillow-12.2.0-cp311-cp311-manylinux_2_27_x86_64.manylinux_2_28_x86_64.whl (7.1 MB)
#29 74.54    ━━━━━━━━━━━━━━━━━━━━━━━━━━━━━━━━━━━━━━━━ 7.1/7.1 MB 71.1 MB/s eta 0:00:00
#29 74.56 Downloading pyparsing-3.3.2-py3-none-any.whl (122 kB)
#29 74.59    ━━━━━━━━━━━━━━━━━━━━━━━━━━━━━━━━━━━━━━━ 122.8/122.8 kB 316.2 MB/s eta 0:00:00
#29 74.62 Downloading scipy-1.17.1-cp311-cp311-manylinux_2_27_x86_64.manylinux_2_28_x86_64.whl (35.3 MB)
#29 75.59    ━━━━━━━━━━━━━━━━━━━━━━━━━━━━━━━━━━━━━━━━ 35.3/35.3 MB 41.1 MB/s eta 0:00:00
#29 75.60 Downloading threadpoolctl-3.6.0-py3-none-any.whl (18 kB)
#29 77.15 Building wheels for collected packages: pyspark
#29 77.15   Building wheel for pyspark (setup.py): started
#29 ...

#32 [airflow 2/2] RUN pip install --no-cache-dir apache-airflow-providers-apache-spark pandas numpy
#32 39.17 Collecting apache-airflow-providers-apache-spark
#32 39.32   Downloading apache_airflow_providers_apache_spark-4.11.0-py3-none-any.whl (41 kB)
#32 39.37      ━━━━━━━━━━━━━━━━━━━━━━━━━━━━━━━━━━━━━━━━ 41.8/41.8 kB 55.7 MB/s eta 0:00:00
#32 39.71 Requirement already satisfied: pandas in /home/airflow/.local/lib/python3.8/site-packages (2.0.3)
#32 39.71 Requirement already satisfied: numpy in /home/airflow/.local/lib/python3.8/site-packages (1.24.4)
#32 40.10 Collecting pyspark>=3.1.3
#32 40.11   Downloading pyspark-3.5.8.tar.gz (317.8 MB)
#32 50.40      ━━━━━━━━━━━━━━━━━━━━━━━━━━━━━━━━━━━━━━ 317.8/317.8 MB 61.4 MB/s eta 0:00:00
#32 67.94   Preparing metadata (setup.py): started
#32 ...

#27 [namenode 2/2] RUN apt-get update && apt-get install -y openjdk-11-jdk wget && rm -rf /var/lib/apt/lists/*
#27 339.1 Setting up libxinerama1:amd64 (2:1.1.4-3) ...
#27 339.2 Setting up libxv1:amd64 (2:1.0.11-1build2) ...
#27 339.2 Setting up libxrandr2:amd64 (2:1.5.2-1build1) ...
#27 339.3 Setting up libxt6:amd64 (1:1.2.1-1) ...
#27 339.8 Setting up libcups2:amd64 (2.4.1op1-1ubuntu4.16) ...
#27 339.8 Setting up libllvm15:amd64 (1:15.0.7-0ubuntu0.22.04.3) ...
#27 339.8 Setting up libgl1-amber-dri:amd64 (21.3.9-0ubuntu1~22.04.1) ...
#27 339.8 Setting up python3-dbus (1.2.18-3build1) ...
#27 344.0 Setting up libxft2:amd64 (2.3.4-1) ...
#27 344.4 Setting up libxmu6:amd64 (2:1.1.3-3) ...
#27 344.4 Setting up libxi6:amd64 (2:1.8-1build1) ...
#27 344.6 Setting up dconf-gsettings-backend:amd64 (0.40.0-3ubuntu0.1) ...
#27 344.7 Setting up libxtst6:amd64 (2:1.2.3-1build4) ...
#27 344.7 Setting up libgl1-mesa-dri:amd64 (23.2.1-1ubuntu3.1~22.04.3) ...
#27 345.1 Setting up libxxf86dga1:amd64 (2:1.1.5-0ubuntu3) ...
#27 345.1 Setting up libxaw7:amd64 (2:1.0.14-1) ...
#27 345.1 Setting up libatspi2.0-0:amd64 (2.44.0-3) ...
#27 345.2 Setting up libatk-bridge2.0-0:amd64 (2.38.0-3) ...
#27 345.2 Setting up libxt-dev:amd64 (1:1.2.1-1) ...
#27 345.2 Setting up networkd-dispatcher (2.1-2ubuntu0.22.04.2) ...
#27 346.6 Created symlink /etc/systemd/system/multi-user.target.wants/networkd-dispatcher.service → /lib/systemd/system/networkd-dispatcher.service.
#27 346.6 Setting up gsettings-desktop-schemas (42.0-1ubuntu1) ...
#27 346.7 Setting up libglx-mesa0:amd64 (23.2.1-1ubuntu3.1~22.04.3) ...
#27 346.7 Setting up libglx0:amd64 (1.4.0-1) ...
#27 346.7 Setting up libgl1:amd64 (1.4.0-1) ...
#27 346.7 Setting up at-spi2-core (2.44.0-3) ...
#27 346.9 Setting up x11-utils (7.7+5build2) ...
#27 347.5 Setting up libatk-wrapper-java (0.38.0-5build1) ...
#27 347.6 Setting up libatk-wrapper-java-jni:amd64 (0.38.0-5build1) ...
#27 347.6 Setting up openjdk-11-jre-headless:amd64 (11.0.30+7-1ubuntu1~22.04) ...
#27 348.9 update-alternatives: using /usr/lib/jvm/java-11-openjdk-amd64/bin/java to provide /usr/bin/java (java) in auto mode
#27 348.9 update-alternatives: using /usr/lib/jvm/java-11-openjdk-amd64/bin/jjs to provide /usr/bin/jjs (jjs) in auto mode
#27 348.9 update-alternatives: using /usr/lib/jvm/java-11-openjdk-amd64/bin/keytool to provide /usr/bin/keytool (keytool) in auto mode
#27 348.9 update-alternatives: using /usr/lib/jvm/java-11-openjdk-amd64/bin/rmid to provide /usr/bin/rmid (rmid) in auto mode
#27 348.9 update-alternatives: using /usr/lib/jvm/java-11-openjdk-amd64/bin/rmiregistry to provide /usr/bin/rmiregistry (rmiregistry) in auto mode
#27 348.9 update-alternatives: using /usr/lib/jvm/java-11-openjdk-amd64/bin/pack200 to provide /usr/bin/pack200 (pack200) in auto mode
#27 348.9 update-alternatives: using /usr/lib/jvm/java-11-openjdk-amd64/bin/unpack200 to provide /usr/bin/unpack200 (unpack200) in auto mode
#27 348.9 update-alternatives: using /usr/lib/jvm/java-11-openjdk-amd64/lib/jexec to provide /usr/bin/jexec (jexec) in auto mode
#27 356.0 Setting up openjdk-11-jre:amd64 (11.0.30+7-1ubuntu1~22.04) ...
#27 356.0 Setting up openjdk-11-jdk-headless:amd64 (11.0.30+7-1ubuntu1~22.04) ...
#27 356.0 update-alternatives: using /usr/lib/jvm/java-11-openjdk-amd64/bin/jar to provide /usr/bin/jar (jar) in auto mode
#27 356.0 update-alternatives: using /usr/lib/jvm/java-11-openjdk-amd64/bin/jarsigner to provide /usr/bin/jarsigner (jarsigner) in auto mode
#27 356.1 update-alternatives: using /usr/lib/jvm/java-11-openjdk-amd64/bin/javac to provide /usr/bin/javac (javac) in auto mode
#27 356.1 update-alternatives: using /usr/lib/jvm/java-11-openjdk-amd64/bin/javadoc to provide /usr/bin/javadoc (javadoc) in auto mode
#27 356.1 update-alternatives: using /usr/lib/jvm/java-11-openjdk-amd64/bin/javap to provide /usr/bin/javap (javap) in auto mode
#27 356.1 update-alternatives: using /usr/lib/jvm/java-11-openjdk-amd64/bin/jcmd to provide /usr/bin/jcmd (jcmd) in auto mode
#27 356.1 update-alternatives: using /usr/lib/jvm/java-11-openjdk-amd64/bin/jdb to provide /usr/bin/jdb (jdb) in auto mode
#27 356.1 update-alternatives: using /usr/lib/jvm/java-11-openjdk-amd64/bin/jdeprscan to provide /usr/bin/jdeprscan (jdeprscan) in auto mode
#27 356.1 update-alternatives: using /usr/lib/jvm/java-11-openjdk-amd64/bin/jdeps to provide /usr/bin/jdeps (jdeps) in auto mode
#27 356.1 update-alternatives: using /usr/lib/jvm/java-11-openjdk-amd64/bin/jfr to provide /usr/bin/jfr (jfr) in auto mode
#27 356.1 update-alternatives: using /usr/lib/jvm/java-11-openjdk-amd64/bin/jimage to provide /usr/bin/jimage (jimage) in auto mode
#27 356.1 update-alternatives: using /usr/lib/jvm/java-11-openjdk-amd64/bin/jinfo to provide /usr/bin/jinfo (jinfo) in auto mode
#27 356.1 update-alternatives: using /usr/lib/jvm/java-11-openjdk-amd64/bin/jlink to provide /usr/bin/jlink (jlink) in auto mode
#27 356.2 update-alternatives: using /usr/lib/jvm/java-11-openjdk-amd64/bin/jmap to provide /usr/bin/jmap (jmap) in auto mode
#27 ...

#29 [jupyter 2/3] RUN pip install --no-cache-dir pyspark==3.4.1 pandas numpy matplotlib seaborn scikit-learn
#29 138.7   Building wheel for pyspark (setup.py): still running...
#29 ...

#27 [namenode 2/2] RUN apt-get update && apt-get install -y openjdk-11-jdk wget && rm -rf /var/lib/apt/lists/*
#27 358.7 update-alternatives: using /usr/lib/jvm/java-11-openjdk-amd64/bin/jmod to provide /usr/bin/jmod (jmod) in auto mode
#27 359.9 update-alternatives: using /usr/lib/jvm/java-11-openjdk-amd64/bin/jps to provide /usr/bin/jps (jps) in auto mode
#27 360.0 update-alternatives: using /usr/lib/jvm/java-11-openjdk-amd64/bin/jrunscript to provide /usr/bin/jrunscript (jrunscript) in auto mode
#27 360.0 update-alternatives: using /usr/lib/jvm/java-11-openjdk-amd64/bin/jshell to provide /usr/bin/jshell (jshell) in auto mode
#27 360.0 update-alternatives: using /usr/lib/jvm/java-11-openjdk-amd64/bin/jstack to provide /usr/bin/jstack (jstack) in auto mode
#27 360.0 update-alternatives: using /usr/lib/jvm/java-11-openjdk-amd64/bin/jstat to provide /usr/bin/jstat (jstat) in auto mode
#27 360.0 update-alternatives: using /usr/lib/jvm/java-11-openjdk-amd64/bin/jstatd to provide /usr/bin/jstatd (jstatd) in auto mode
#27 360.0 update-alternatives: using /usr/lib/jvm/java-11-openjdk-amd64/bin/rmic to provide /usr/bin/rmic (rmic) in auto mode
#27 360.0 update-alternatives: using /usr/lib/jvm/java-11-openjdk-amd64/bin/serialver to provide /usr/bin/serialver (serialver) in auto mode
#27 360.0 update-alternatives: using /usr/lib/jvm/java-11-openjdk-amd64/bin/jaotc to provide /usr/bin/jaotc (jaotc) in auto mode
#27 360.0 update-alternatives: using /usr/lib/jvm/java-11-openjdk-amd64/bin/jhsdb to provide /usr/bin/jhsdb (jhsdb) in auto mode
#27 360.0 Setting up openjdk-11-jdk:amd64 (11.0.30+7-1ubuntu1~22.04) ...
#27 360.4 update-alternatives: using /usr/lib/jvm/java-11-openjdk-amd64/bin/jconsole to provide /usr/bin/jconsole (jconsole) in auto mode
#27 360.4 Setting up ca-certificates-java (20190909ubuntu1.3) ...
#27 360.5 head: cannot open '/etc/ssl/certs/java/cacerts' for reading: No such file or directory
#27 366.3 Adding debian:Buypass_Class_3_Root_CA.pem
#27 366.7 Adding debian:COMODO_ECC_Certification_Authority.pem
#27 366.8 Adding debian:IdenTrust_Commercial_Root_CA_1.pem
#27 366.8 Adding debian:SSL.com_EV_Root_Certification_Authority_ECC.pem
#27 366.8 Adding debian:XRamp_Global_CA_Root.pem
#27 366.9 Adding debian:Entrust.net_Premium_2048_Secure_Server_CA.pem
#27 366.9 Adding debian:UCA_Extended_Validation_Root.pem
#27 366.9 Adding debian:Certigna_Root_CA.pem
#27 367.0 Adding debian:ACCVRAIZ1.pem
#27 367.0 Adding debian:Microsec_e-Szigno_Root_CA_2009.pem
#27 367.1 Adding debian:DigiCert_Global_Root_G3.pem
#27 367.1 Adding debian:Security_Communication_RootCA3.pem
#27 367.2 Adding debian:Starfield_Services_Root_Certificate_Authority_-_G2.pem
#27 367.2 Adding debian:SZAFIR_ROOT_CA2.pem
#27 367.2 Adding debian:AC_RAIZ_FNMT-RCM.pem
#27 367.4 Adding debian:Certum_Trusted_Network_CA_2.pem
#27 ...

#32 [airflow 2/2] RUN pip install --no-cache-dir apache-airflow-providers-apache-spark pandas numpy
#32 94.39   Preparing metadata (setup.py): finished with status 'done'
#32 94.60 Collecting grpcio-status>=1.59.0
#32 94.70   Downloading grpcio_status-1.70.0-py3-none-any.whl (14 kB)
#32 96.56 Collecting apache-airflow>=2.8.0
#32 96.60   Downloading apache_airflow-2.10.5-py3-none-any.whl (13.4 MB)
#32 97.04      ━━━━━━━━━━━━━━━━━━━━━━━━━━━━━━━━━━━━━━━━ 13.4/13.4 MB 33.3 MB/s eta 0:00:00
#32 98.30 Requirement already satisfied: python-dateutil>=2.8.2 in /home/airflow/.local/lib/python3.8/site-packages (from pandas) (2.8.2)
#32 98.31 Requirement already satisfied: tzdata>=2022.1 in /home/airflow/.local/lib/python3.8/site-packages (from pandas) (2023.3)
#32 98.31 Requirement already satisfied: pytz>=2020.1 in /home/airflow/.local/lib/python3.8/site-packages (from pandas) (2023.3)
#32 ...

#27 [namenode 2/2] RUN apt-get update && apt-get install -y openjdk-11-jdk wget && rm -rf /var/lib/apt/lists/*
#27 367.4 Adding debian:GlobalSign_Root_CA.pem
#27 367.5 Adding debian:AffirmTrust_Premium.pem
#27 367.5 Adding debian:Entrust_Root_Certification_Authority_-_EC1.pem
#27 367.5 Adding debian:TrustAsia_Global_Root_CA_G4.pem
#27 367.6 Adding debian:HARICA_TLS_ECC_Root_CA_2021.pem
#27 367.6 Adding debian:Entrust_Root_Certification_Authority.pem
#27 367.7 Adding debian:Hellenic_Academic_and_Research_Institutions_RootCA_2015.pem
#27 367.7 Adding debian:DigiCert_High_Assurance_EV_Root_CA.pem
#27 367.7 Adding debian:NAVER_Global_Root_Certification_Authority.pem
#27 367.8 Adding debian:SSL.com_TLS_RSA_Root_CA_2022.pem
#27 367.8 Adding debian:UCA_Global_G2_Root.pem
#27 368.0 Adding debian:TrustAsia_Global_Root_CA_G3.pem
#27 368.3 Adding debian:CommScope_Public_Trust_RSA_Root-02.pem
#27 368.3 Adding debian:Atos_TrustedRoot_Root_CA_RSA_TLS_2021.pem
#27 368.4 Adding debian:GlobalSign_Root_CA_-_R6.pem
#27 368.4 Adding debian:GlobalSign_Root_R46.pem
#27 368.4 Adding debian:Secure_Global_CA.pem
#27 368.5 Adding debian:Go_Daddy_Class_2_CA.pem
#27 368.6 Adding debian:certSIGN_ROOT_CA.pem
#27 368.6 Adding debian:SwissSign_Silver_CA_-_G2.pem
#27 368.6 Adding debian:Microsoft_ECC_Root_Certificate_Authority_2017.pem
#27 368.7 Adding debian:TUBITAK_Kamu_SM_SSL_Kok_Sertifikasi_-_Surum_1.pem
#27 368.7 Adding debian:Comodo_AAA_Services_root.pem
#27 368.8 Adding debian:GlobalSign_Root_CA_-_R3.pem
#27 368.8 Adding debian:Telia_Root_CA_v2.pem
#27 368.9 Adding debian:T-TeleSec_GlobalRoot_Class_2.pem
#27 368.9 Adding debian:Sectigo_Public_Server_Authentication_Root_R46.pem
#27 368.9 Adding debian:Entrust_Root_Certification_Authority_-_G4.pem
#27 369.0 Adding debian:COMODO_Certification_Authority.pem
#27 369.0 Adding debian:Certainly_Root_E1.pem
#27 369.0 Adding debian:Hellenic_Academic_and_Research_Institutions_ECC_RootCA_2015.pem
#27 369.0 Adding debian:vTrus_Root_CA.pem
#27 369.1 Adding debian:SecureTrust_CA.pem
#27 369.1 Adding debian:TWCA_Global_Root_CA.pem
#27 369.1 Adding debian:CFCA_EV_ROOT.pem
#27 369.1 Adding debian:Security_Communication_Root_CA.pem
#27 369.2 Adding debian:ISRG_Root_X1.pem
#27 369.2 Adding debian:Amazon_Root_CA_4.pem
#27 369.2 Adding debian:Atos_TrustedRoot_2011.pem
#27 369.2 Adding debian:QuoVadis_Root_CA_1_G3.pem
#27 369.2 Adding debian:Autoridad_de_Certificacion_Firmaprofesional_CIF_A62634068.pem
#27 369.3 Adding debian:GLOBALTRUST_2020.pem
#27 369.3 Adding debian:GTS_Root_R2.pem
#27 369.3 Adding debian:TWCA_Root_Certification_Authority.pem
#27 369.3 Adding debian:D-TRUST_BR_Root_CA_1_2020.pem
#27 369.3 Adding debian:Starfield_Root_Certificate_Authority_-_G2.pem
#27 369.3 Adding debian:D-TRUST_EV_Root_CA_1_2020.pem
#27 369.4 Adding debian:AffirmTrust_Commercial.pem
#27 369.4 Adding debian:e-Szigno_Root_CA_2017.pem
#27 369.4 Adding debian:CommScope_Public_Trust_ECC_Root-02.pem
#27 369.4 Adding debian:DigiCert_TLS_RSA4096_Root_G5.pem
#27 369.4 Adding debian:Buypass_Class_2_Root_CA.pem
#27 369.4 Adding debian:HiPKI_Root_CA_-_G1.pem
#27 369.4 Adding debian:DigiCert_Assured_ID_Root_CA.pem
#27 369.4 Adding debian:SSL.com_EV_Root_Certification_Authority_RSA_R2.pem
#27 369.5 Adding debian:HARICA_TLS_RSA_Root_CA_2021.pem
#27 369.5 Adding debian:Security_Communication_RootCA2.pem
#27 369.5 Adding debian:ePKI_Root_Certification_Authority.pem
#27 369.5 Adding debian:Trustwave_Global_Certification_Authority.pem
#27 369.5 Adding debian:DigiCert_Global_Root_G2.pem
#27 369.6 Adding debian:GlobalSign_ECC_Root_CA_-_R5.pem
#27 369.6 Adding debian:TunTrust_Root_CA.pem
#27 369.6 Adding debian:Certum_Trusted_Root_CA.pem
#27 369.6 Adding debian:CA_Disig_Root_R2.pem
#27 369.6 Adding debian:OISTE_WISeKey_Global_Root_GB_CA.pem
#27 369.7 Adding debian:vTrus_ECC_Root_CA.pem
#27 369.7 Adding debian:Go_Daddy_Root_Certificate_Authority_-_G2.pem
#27 369.7 Adding debian:DigiCert_Assured_ID_Root_G3.pem
#27 369.7 Adding debian:emSign_Root_CA_-_C1.pem
#27 369.7 Adding debian:NetLock_Arany_=Class_Gold=_Főtanúsítvány.pem
#27 369.7 Adding debian:DigiCert_TLS_ECC_P384_Root_G5.pem
#27 369.8 Adding debian:T-TeleSec_GlobalRoot_Class_3.pem
#27 369.8 Adding debian:certSIGN_Root_CA_G2.pem
#27 369.8 Adding debian:Entrust_Root_Certification_Authority_-_G2.pem
#27 369.8 Adding debian:DigiCert_Global_Root_CA.pem
#27 369.9 Adding debian:CommScope_Public_Trust_RSA_Root-01.pem
#27 369.9 Adding debian:Trustwave_Global_ECC_P256_Certification_Authority.pem
#27 369.9 Adding debian:Baltimore_CyberTrust_Root.pem
#27 369.9 Adding debian:GTS_Root_R3.pem
#27 369.9 Adding debian:SSL.com_Root_Certification_Authority_RSA.pem
#27 370.0 Adding debian:QuoVadis_Root_CA_2.pem
#27 370.0 Adding debian:GTS_Root_R4.pem
#27 370.0 Adding debian:GTS_Root_R1.pem
#27 370.0 Adding debian:GDCA_TrustAUTH_R5_ROOT.pem
#27 370.1 Adding debian:SwissSign_Gold_CA_-_G2.pem
#27 370.1 Adding debian:Izenpe.com.pem
#27 370.1 Adding debian:USERTrust_ECC_Certification_Authority.pem
#27 370.1 Adding debian:BJCA_Global_Root_CA2.pem
#27 370.1 Adding debian:USERTrust_RSA_Certification_Authority.pem
#27 370.2 Adding debian:GlobalSign_Root_E46.pem
#27 370.2 Adding debian:Certum_Trusted_Network_CA.pem
#27 370.2 Adding debian:Security_Communication_ECC_RootCA1.pem
#27 370.3 Adding debian:Atos_TrustedRoot_Root_CA_ECC_TLS_2021.pem
#27 370.3 Adding debian:Trustwave_Global_ECC_P384_Certification_Authority.pem
#27 370.3 Adding debian:ISRG_Root_X2.pem
#27 370.3 Adding debian:D-TRUST_Root_Class_3_CA_2_2009.pem
#27 370.3 Adding debian:QuoVadis_Root_CA_2_G3.pem
#27 370.4 Adding debian:COMODO_RSA_Certification_Authority.pem
#27 370.4 Adding debian:ANF_Secure_Server_Root_CA.pem
#27 370.4 Adding debian:emSign_ECC_Root_CA_-_C3.pem
#27 370.4 Adding debian:CommScope_Public_Trust_ECC_Root-01.pem
#27 370.4 Adding debian:emSign_Root_CA_-_G1.pem
#27 370.4 Adding debian:DigiCert_Trusted_Root_G4.pem
#27 370.4 Adding debian:Hongkong_Post_Root_CA_3.pem
#27 370.4 Adding debian:BJCA_Global_Root_CA1.pem
#27 370.4 Adding debian:SSL.com_Root_Certification_Authority_ECC.pem
#27 370.5 Adding debian:Certum_EC-384_CA.pem
#27 370.5 Adding debian:DigiCert_Assured_ID_Root_G2.pem
#27 370.5 Adding debian:Amazon_Root_CA_1.pem
#27 370.5 Adding debian:Starfield_Class_2_CA.pem
#27 370.5 Adding debian:GlobalSign_ECC_Root_CA_-_R4.pem
#27 370.5 Adding debian:QuoVadis_Root_CA_3_G3.pem
#27 370.5 Adding debian:IdenTrust_Public_Sector_Root_CA_1.pem
#27 370.5 Adding debian:Microsoft_RSA_Root_Certificate_Authority_2017.pem
#27 370.5 Adding debian:OISTE_WISeKey_Global_Root_GC_CA.pem
#27 370.5 Adding debian:D-TRUST_Root_Class_3_CA_2_EV_2009.pem
#27 370.5 Adding debian:Certigna.pem
#27 370.5 Adding debian:Actalis_Authentication_Root_CA.pem
#27 370.6 Adding debian:Amazon_Root_CA_3.pem
#27 370.6 Adding debian:Amazon_Root_CA_2.pem
#27 370.6 Adding debian:AffirmTrust_Networking.pem
#27 370.6 Adding debian:Certainly_Root_R1.pem
#27 370.6 Adding debian:SecureSign_RootCA11.pem
#27 370.7 Adding debian:SSL.com_TLS_ECC_Root_CA_2022.pem
#27 370.7 Adding debian:AC_RAIZ_FNMT-RCM_SERVIDORES_SEGUROS.pem
#27 370.7 Adding debian:TeliaSonera_Root_CA_v1.pem
#27 370.7 Adding debian:Sectigo_Public_Server_Authentication_Root_E46.pem
#27 370.8 Adding debian:AffirmTrust_Premium_ECC.pem
#27 370.8 Adding debian:emSign_ECC_Root_CA_-_G3.pem
#27 370.8 Adding debian:QuoVadis_Root_CA_3.pem
#27 371.2 done.
#27 374.1 Processing triggers for libc-bin (2.35-0ubuntu3.13) ...
#27 377.8 Processing triggers for ca-certificates (20240203~22.04.1) ...
#27 377.8 Updating certificates in /etc/ssl/certs...
#27 ...

#29 [jupyter 2/3] RUN pip install --no-cache-dir pyspark==3.4.1 pandas numpy matplotlib seaborn scikit-learn
#29 151.2   Building wheel for pyspark (setup.py): finished with status 'done'
#29 154.3   Created wheel for pyspark: filename=pyspark-3.4.1-py2.py3-none-any.whl size=311285387 sha256=6f7b1a953dc43b27d7476209b48c48c63fbc78278f85dc3da84d6bd666fd2d51
#29 154.3   Stored in directory: /tmp/pip-ephem-wheel-cache-jec5yt3b/wheels/e9/b4/d8/38accc42606f6675165423e9f0236f8e825f6b6b6048d6743e
#29 154.4 Successfully built pyspark
#29 ...

#32 [airflow 2/2] RUN pip install --no-cache-dir apache-airflow-providers-apache-spark pandas numpy
#32 107.3 Requirement already satisfied: deprecated>=1.2.13 in /home/airflow/.local/lib/python3.8/site-packages (from apache-airflow>=2.8.0->apache-airflow-providers-apache-spark) (1.2.14)
#32 107.3 Requirement already satisfied: jinja2>=3.0.0 in /home/airflow/.local/lib/python3.8/site-packages (from apache-airflow>=2.8.0->apache-airflow-providers-apache-spark) (3.1.2)
#32 107.6 Collecting croniter>=2.0.2
#32 107.6   Downloading croniter-6.0.0-py2.py3-none-any.whl (25 kB)
#32 107.6 Requirement already satisfied: lockfile>=0.12.2 in /home/airflow/.local/lib/python3.8/site-packages (from apache-airflow>=2.8.0->apache-airflow-providers-apache-spark) (0.12.2)
#32 107.6 Requirement already satisfied: markupsafe>=1.1.1 in /home/airflow/.local/lib/python3.8/site-packages (from apache-airflow>=2.8.0->apache-airflow-providers-apache-spark) (2.1.3)
#32 107.7 Requirement already satisfied: apache-airflow-providers-imap in /home/airflow/.local/lib/python3.8/site-packages (from apache-airflow>=2.8.0->apache-airflow-providers-apache-spark) (3.3.0)
#32 107.7 Requirement already satisfied: packaging>=23.0 in /home/airflow/.local/lib/python3.8/site-packages (from apache-airflow>=2.8.0->apache-airflow-providers-apache-spark) (23.1)
#32 107.9 Collecting alembic<2.0,>=1.13.1
#32 107.9   Downloading alembic-1.14.1-py3-none-any.whl (233 kB)
#32 107.9      ━━━━━━━━━━━━━━━━━━━━━━━━━━━━━━━━━━━━━━ 233.6/233.6 kB 41.7 MB/s eta 0:00:00
#32 108.0 Requirement already satisfied: requests<3,>=2.27.0 in /home/airflow/.local/lib/python3.8/site-packages (from apache-airflow>=2.8.0->apache-airflow-providers-apache-spark) (2.31.0)
#32 108.2 Collecting eval-type-backport>=0.2.0
#32 108.2   Downloading eval_type_backport-0.3.1-py3-none-any.whl (6.1 kB)
#32 108.3 Collecting methodtools>=0.4.7
#32 108.3   Downloading methodtools-0.4.7-py2.py3-none-any.whl (4.0 kB)
#32 108.3 Requirement already satisfied: flask-wtf>=1.1.0 in /home/airflow/.local/lib/python3.8/site-packages (from apache-airflow>=2.8.0->apache-airflow-providers-apache-spark) (1.1.1)
#32 108.3 Requirement already satisfied: requests-toolbelt>=0.4.0 in /home/airflow/.local/lib/python3.8/site-packages (from apache-airflow>=2.8.0->apache-airflow-providers-apache-spark) (1.0.0)
#32 109.0 Collecting setproctitle>=1.3.3
#32 109.0   Downloading setproctitle-1.3.7-cp38-cp38-manylinux1_x86_64.manylinux_2_28_x86_64.manylinux_2_5_x86_64.whl (32 kB)
#32 109.0 Requirement already satisfied: blinker>=1.6.2 in /home/airflow/.local/lib/python3.8/site-packages (from apache-airflow>=2.8.0->apache-airflow-providers-apache-spark) (1.6.2)
#32 109.0 Requirement already satisfied: pathspec>=0.9.0 in /home/airflow/.local/lib/python3.8/site-packages (from apache-airflow>=2.8.0->apache-airflow-providers-apache-spark) (0.11.2)
#32 109.0 Requirement already satisfied: apache-airflow-providers-http in /home/airflow/.local/lib/python3.8/site-packages (from apache-airflow>=2.8.0->apache-airflow-providers-apache-spark) (4.5.0)
#32 109.0 Requirement already satisfied: apache-airflow-providers-sqlite in /home/airflow/.local/lib/python3.8/site-packages (from apache-airflow>=2.8.0->apache-airflow-providers-apache-spark) (3.4.3)
#32 109.0 Requirement already satisfied: connexion[flask]<3.0,>=2.14.2 in /home/airflow/.local/lib/python3.8/site-packages (from apache-airflow>=2.8.0->apache-airflow-providers-apache-spark) (2.14.2)
#32 109.0 Requirement already satisfied: lazy-object-proxy>=1.2.0 in /home/airflow/.local/lib/python3.8/site-packages (from apache-airflow>=2.8.0->apache-airflow-providers-apache-spark) (1.9.0)
#32 109.0 Requirement already satisfied: asgiref>=2.3.0 in /home/airflow/.local/lib/python3.8/site-packages (from apache-airflow>=2.8.0->apache-airflow-providers-apache-spark) (3.7.2)
#32 109.0 Requirement already satisfied: gunicorn>=20.1.0 in /home/airflow/.local/lib/python3.8/site-packages (from apache-airflow>=2.8.0->apache-airflow-providers-apache-spark) (21.2.0)
#32 109.1 Collecting pluggy>=1.5.0
#32 109.1   Downloading pluggy-1.5.0-py3-none-any.whl (20 kB)
#32 109.1 Requirement already satisfied: python-slugify>=5.0 in /home/airflow/.local/lib/python3.8/site-packages (from apache-airflow>=2.8.0->apache-airflow-providers-apache-spark) (8.0.1)
#32 109.1 Requirement already satisfied: jsonschema>=4.18.0 in /home/airflow/.local/lib/python3.8/site-packages (from apache-airflow>=2.8.0->apache-airflow-providers-apache-spark) (4.19.0)
#32 109.1 Requirement already satisfied: apache-airflow-providers-ftp in /home/airflow/.local/lib/python3.8/site-packages (from apache-airflow>=2.8.0->apache-airflow-providers-apache-spark) (3.5.0)
#32 109.1 Requirement already satisfied: flask-caching>=2.0.0 in /home/airflow/.local/lib/python3.8/site-packages (from apache-airflow>=2.8.0->apache-airflow-providers-apache-spark) (2.0.2)
#32 109.3 Requirement already satisfied: dill>=0.2.2 in /home/airflow/.local/lib/python3.8/site-packages (from apache-airflow>=2.8.0->apache-airflow-providers-apache-spark) (0.3.1.1)
#32 109.4 Collecting apache-airflow-providers-common-compat
#32 109.4   Downloading apache_airflow_providers_common_compat-1.2.0-py3-none-any.whl (13 kB)
#32 109.4 Requirement already satisfied: apache-airflow-providers-common-sql in /home/airflow/.local/lib/python3.8/site-packages (from apache-airflow>=2.8.0->apache-airflow-providers-apache-spark) (1.7.0)
#32 109.4 Requirement already satisfied: rfc3339-validator>=0.1.4 in /home/airflow/.local/lib/python3.8/site-packages (from apache-airflow>=2.8.0->apache-airflow-providers-apache-spark) (0.1.4)
#32 109.4 Requirement already satisfied: tabulate>=0.7.5 in /home/airflow/.local/lib/python3.8/site-packages (from apache-airflow>=2.8.0->apache-airflow-providers-apache-spark) (0.9.0)
#32 109.5 Requirement already satisfied: flask<2.3,>=2.2.1 in /home/airflow/.local/lib/python3.8/site-packages (from apache-airflow>=2.8.0->apache-airflow-providers-apache-spark) (2.2.5)
#32 109.5 Requirement already satisfied: sqlalchemy-jsonfield>=1.0 in /home/airflow/.local/lib/python3.8/site-packages (from apache-airflow>=2.8.0->apache-airflow-providers-apache-spark) (1.0.1.post0)
#32 109.5 Requirement already satisfied: rich>=12.4.4 in /home/airflow/.local/lib/python3.8/site-packages (from apache-airflow>=2.8.0->apache-airflow-providers-apache-spark) (13.5.2)
#32 109.5 Requirement already satisfied: rich-argparse>=1.0.0 in /home/airflow/.local/lib/python3.8/site-packages (from apache-airflow>=2.8.0->apache-airflow-providers-apache-spark) (1.2.0)
#32 109.5 Requirement already satisfied: python-daemon>=3.0.0 in /home/airflow/.local/lib/python3.8/site-packages (from apache-airflow>=2.8.0->apache-airflow-providers-apache-spark) (3.0.1)
#32 109.5 Requirement already satisfied: marshmallow-oneofschema>=2.0.1 in /home/airflow/.local/lib/python3.8/site-packages (from apache-airflow>=2.8.0->apache-airflow-providers-apache-spark) (3.0.1)
#32 109.6 Collecting opentelemetry-exporter-otlp>=1.24.0
#32 109.6   Downloading opentelemetry_exporter_otlp-1.33.1-py3-none-any.whl (7.0 kB)
#32 109.9 Collecting apache-airflow-providers-common-io
#32 110.0   Downloading apache_airflow_providers_common_io-1.4.1-py3-none-any.whl (18 kB)
#32 110.1 Requirement already satisfied: mdit-py-plugins>=0.3.0 in /home/airflow/.local/lib/python3.8/site-packages (from apache-airflow>=2.8.0->apache-airflow-providers-apache-spark) (0.4.0)
#32 110.1 Requirement already satisfied: cron-descriptor>=1.2.24 in /home/airflow/.local/lib/python3.8/site-packages (from apache-airflow>=2.8.0->apache-airflow-providers-apache-spark) (1.4.0)
#32 110.1 Requirement already satisfied: configupdater>=3.1.1 in /home/airflow/.local/lib/python3.8/site-packages (from apache-airflow>=2.8.0->apache-airflow-providers-apache-spark) (3.1.1)
#32 110.1 Requirement already satisfied: pendulum<4.0,>=2.1.2 in /home/airflow/.local/lib/python3.8/site-packages (from apache-airflow>=2.8.0->apache-airflow-providers-apache-spark) (2.1.2)
#32 110.4 Collecting universal-pathlib!=0.2.4,>=0.2.2
#32 110.5   Downloading universal_pathlib-0.2.6-py3-none-any.whl (50 kB)
#32 110.5      ━━━━━━━━━━━━━━━━━━━━━━━━━━━━━━━━━━━━━━━ 50.1/50.1 kB 128.5 MB/s eta 0:00:00
#32 110.5 Requirement already satisfied: itsdangerous>=2.0 in /home/airflow/.local/lib/python3.8/site-packages (from apache-airflow>=2.8.0->apache-airflow-providers-apache-spark) (2.1.2)
#32 110.5 Requirement already satisfied: linkify-it-py>=2.0.0 in /home/airflow/.local/lib/python3.8/site-packages (from apache-airflow>=2.8.0->apache-airflow-providers-apache-spark) (2.0.2)
#32 110.8 Collecting opentelemetry-api>=1.24.0
#32 110.8   Downloading opentelemetry_api-1.33.1-py3-none-any.whl (65 kB)
#32 110.8      ━━━━━━━━━━━━━━━━━━━━━━━━━━━━━━━━━━━━━━━━ 65.8/65.8 kB 24.2 MB/s eta 0:00:00
#32 111.0 Collecting fsspec>=2023.10.0
#32 111.0   Downloading fsspec-2025.3.0-py3-none-any.whl (193 kB)
#32 111.0      ━━━━━━━━━━━━━━━━━━━━━━━━━━━━━━━━━━━━━ 193.6/193.6 kB 191.6 MB/s eta 0:00:00
#32 111.2 Collecting apache-airflow-providers-fab>=1.0.2
#32 111.2   Downloading apache_airflow_providers_fab-1.4.0-py3-none-any.whl (92 kB)
#32 111.2      ━━━━━━━━━━━━━━━━━━━━━━━━━━━━━━━━━━━━━━━ 92.8/92.8 kB 183.9 MB/s eta 0:00:00
#32 111.3 Collecting apache-airflow-providers-smtp
#32 111.4   Downloading apache_airflow_providers_smtp-1.8.0-py3-none-any.whl (22 kB)
#32 111.4 Requirement already satisfied: markdown-it-py>=2.1.0 in /home/airflow/.local/lib/python3.8/site-packages (from apache-airflow>=2.8.0->apache-airflow-providers-apache-spark) (3.0.0)
#32 111.4 Requirement already satisfied: attrs>=22.1.0 in /home/airflow/.local/lib/python3.8/site-packages (from apache-airflow>=2.8.0->apache-airflow-providers-apache-spark) (23.1.0)
#32 111.4 Requirement already satisfied: cryptography>=41.0.0 in /home/airflow/.local/lib/python3.8/site-packages (from apache-airflow>=2.8.0->apache-airflow-providers-apache-spark) (41.0.3)
#32 111.8 Collecting colorlog>=6.8.2
#32 111.8   Downloading colorlog-6.10.1-py3-none-any.whl (11 kB)
#32 111.8 Requirement already satisfied: tenacity!=8.2.0,>=8.0.0 in /home/airflow/.local/lib/python3.8/site-packages (from apache-airflow>=2.8.0->apache-airflow-providers-apache-spark) (8.2.3)
#32 111.8 Requirement already satisfied: sqlalchemy<2.0,>=1.4.36 in /home/airflow/.local/lib/python3.8/site-packages (from apache-airflow>=2.8.0->apache-airflow-providers-apache-spark) (1.4.49)
#32 111.8 Requirement already satisfied: pyjwt>=2.0.0 in /home/airflow/.local/lib/python3.8/site-packages (from apache-airflow>=2.8.0->apache-airflow-providers-apache-spark) (2.8.0)
#32 111.8 Requirement already satisfied: pygments>=2.0.1 in /home/airflow/.local/lib/python3.8/site-packages (from apache-airflow>=2.8.0->apache-airflow-providers-apache-spark) (2.16.1)
#32 111.9 Requirement already satisfied: importlib_resources!=6.2.0,!=6.3.0,!=6.3.1,>=5.2 in /home/airflow/.local/lib/python3.8/site-packages (from apache-airflow>=2.8.0->apache-airflow-providers-apache-spark) (6.0.1)
#32 111.9 Requirement already satisfied: flask-session<0.6,>=0.4.0 in /home/airflow/.local/lib/python3.8/site-packages (from apache-airflow>=2.8.0->apache-airflow-providers-apache-spark) (0.5.0)
#32 111.9 Requirement already satisfied: google-re2>=1.0 in /home/airflow/.local/lib/python3.8/site-packages (from apache-airflow>=2.8.0->apache-airflow-providers-apache-spark) (1.1)
#32 112.2 Collecting importlib_metadata>=6.5
#32 112.3   Downloading importlib_metadata-8.5.0-py3-none-any.whl (26 kB)
#32 112.5 Requirement already satisfied: termcolor>=1.1.0 in /home/airflow/.local/lib/python3.8/site-packages (from apache-airflow>=2.8.0->apache-airflow-providers-apache-spark) (2.3.0)
#32 112.5 Requirement already satisfied: werkzeug<3,>=2.0 in /home/airflow/.local/lib/python3.8/site-packages (from apache-airflow>=2.8.0->apache-airflow-providers-apache-spark) (2.2.3)
#32 112.5 Requirement already satisfied: argcomplete>=1.10 in /home/airflow/.local/lib/python3.8/site-packages (from apache-airflow>=2.8.0->apache-airflow-providers-apache-spark) (3.1.1)
#32 112.5 Requirement already satisfied: psutil>=5.8.0 in /home/airflow/.local/lib/python3.8/site-packages (from apache-airflow>=2.8.0->apache-airflow-providers-apache-spark) (5.9.5)
#32 112.5 Requirement already satisfied: python-nvd3>=0.15.0 in /home/airflow/.local/lib/python3.8/site-packages (from apache-airflow>=2.8.0->apache-airflow-providers-apache-spark) (0.15.0)
#32 112.8 Collecting httpx>=0.25.0
#32 112.8   Downloading httpx-0.28.1-py3-none-any.whl (73 kB)
#32 112.8      ━━━━━━━━━━━━━━━━━━━━━━━━━━━━━━━━━━━━━━━ 73.5/73.5 kB 161.2 MB/s eta 0:00:00
#32 ...

#30 [spark-master 3/4] RUN pip3 install pandas numpy pyspark==3.4.1
#30 133.5 Collecting python-dateutil>=2.8.2
#30 133.5   Downloading python_dateutil-2.9.0.post0-py2.py3-none-any.whl (229 kB)
#30 134.1 Collecting tzdata>=2022.1
#30 134.1   Downloading tzdata-2026.2-py2.py3-none-any.whl (349 kB)
#30 135.6 Collecting pytz>=2020.1
#30 135.7   Downloading pytz-2026.1.post1-py2.py3-none-any.whl (510 kB)
#30 137.2 Collecting py4j==0.10.9.7
#30 137.2   Downloading py4j-0.10.9.7-py2.py3-none-any.whl (200 kB)
#30 137.8 Collecting six>=1.5
#30 137.9   Downloading six-1.17.0-py2.py3-none-any.whl (11 kB)
#30 137.9 Building wheels for collected packages: pyspark
#30 137.9   Building wheel for pyspark (setup.py): started
#30 ...

#27 [namenode 2/2] RUN apt-get update && apt-get install -y openjdk-11-jdk wget && rm -rf /var/lib/apt/lists/*
#27 385.6 0 added, 0 removed; done.
#27 385.6 Running hooks in /etc/ca-certificates/update.d...
#27 385.6 
#27 388.5 done.
#27 388.5 done.
#27 ...

#32 [airflow 2/2] RUN pip install --no-cache-dir apache-airflow-providers-apache-spark pandas numpy
#32 125.3 Collecting grpcio>=1.70.0
#32 125.4   Downloading grpcio-1.70.0-cp38-cp38-manylinux_2_17_x86_64.manylinux2014_x86_64.whl (6.0 MB)
#32 125.6      ━━━━━━━━━━━━━━━━━━━━━━━━━━━━━━━━━━━━━━━━ 6.0/6.0 MB 31.5 MB/s eta 0:00:00
#32 129.8 Collecting protobuf<6.0dev,>=5.26.1
#32 129.9   Downloading protobuf-5.29.6-cp38-abi3-manylinux2014_x86_64.whl (320 kB)
#32 129.9      ━━━━━━━━━━━━━━━━━━━━━━━━━━━━━━━━━━━━━━ 320.5/320.5 kB 44.9 MB/s eta 0:00:00
#32 129.9 Requirement already satisfied: googleapis-common-protos>=1.5.5 in /home/airflow/.local/lib/python3.8/site-packages (from grpcio-status>=1.59.0->apache-airflow-providers-apache-spark) (1.60.0)
#32 130.2 Collecting py4j<0.10.9.10,>=0.10.9.7
#32 130.2   Downloading py4j-0.10.9.9-py2.py3-none-any.whl (203 kB)
#32 130.2      ━━━━━━━━━━━━━━━━━━━━━━━━━━━━━━━━━━━━━ 203.0/203.0 kB 212.6 MB/s eta 0:00:00
#32 130.2 Requirement already satisfied: six>=1.5 in /home/airflow/.local/lib/python3.8/site-packages (from python-dateutil>=2.8.2->pandas) (1.16.0)
#32 130.6 Requirement already satisfied: typing-extensions>=4 in /home/airflow/.local/lib/python3.8/site-packages (from alembic<2.0,>=1.13.1->apache-airflow>=2.8.0->apache-airflow-providers-apache-spark) (4.7.1)
#32 130.6 Requirement already satisfied: Mako in /home/airflow/.local/lib/python3.8/site-packages (from alembic<2.0,>=1.13.1->apache-airflow>=2.8.0->apache-airflow-providers-apache-spark) (1.2.4)
#32 130.7 Requirement already satisfied: flask-login>=0.6.2 in /home/airflow/.local/lib/python3.8/site-packages (from apache-airflow-providers-fab>=1.0.2->apache-airflow>=2.8.0->apache-airflow-providers-apache-spark) (0.6.2)
#32 130.8 Requirement already satisfied: jmespath>=0.7.0 in /home/airflow/.local/lib/python3.8/site-packages (from apache-airflow-providers-fab>=1.0.2->apache-airflow>=2.8.0->apache-airflow-providers-apache-spark) (0.10.0)
#32 131.8 Collecting flask-appbuilder==4.5.0
#32 133.3   Downloading Flask_AppBuilder-4.5.0-py3-none-any.whl (2.2 MB)
#32 133.5      ━━━━━━━━━━━━━━━━━━━━━━━━━━━━━━━━━━━━━━━━ 2.2/2.2 MB 16.1 MB/s eta 0:00:00
#32 ...

#29 [jupyter 2/3] RUN pip install --no-cache-dir pyspark==3.4.1 pandas numpy matplotlib seaborn scikit-learn
#29 168.6 Installing collected packages: py4j, threadpoolctl, pyspark, pyparsing, pillow, numpy, kiwisolver, joblib, fonttools, cycler, scipy, pandas, contourpy, scikit-learn, matplotlib, seaborn
#29 ...

#32 [airflow 2/2] RUN pip install --no-cache-dir apache-airflow-providers-apache-spark pandas numpy
#32 134.8 Requirement already satisfied: Flask-JWT-Extended<5.0.0,>=4.0.0 in /home/airflow/.local/lib/python3.8/site-packages (from flask-appbuilder==4.5.0->apache-airflow-providers-fab>=1.0.2->apache-airflow>=2.8.0->apache-airflow-providers-apache-spark) (4.5.2)
#32 134.8 Requirement already satisfied: email-validator>=1.0.5 in /home/airflow/.local/lib/python3.8/site-packages (from flask-appbuilder==4.5.0->apache-airflow-providers-fab>=1.0.2->apache-airflow>=2.8.0->apache-airflow-providers-apache-spark) (1.3.1)
#32 134.8 Requirement already satisfied: colorama<1,>=0.3.9 in /home/airflow/.local/lib/python3.8/site-packages (from flask-appbuilder==4.5.0->apache-airflow-providers-fab>=1.0.2->apache-airflow>=2.8.0->apache-airflow-providers-apache-spark) (0.4.6)
#32 134.8 Requirement already satisfied: WTForms<4 in /home/airflow/.local/lib/python3.8/site-packages (from flask-appbuilder==4.5.0->apache-airflow-providers-fab>=1.0.2->apache-airflow>=2.8.0->apache-airflow-providers-apache-spark) (3.0.1)
#32 134.8 Requirement already satisfied: Flask-SQLAlchemy<3,>=2.4 in /home/airflow/.local/lib/python3.8/site-packages (from flask-appbuilder==4.5.0->apache-airflow-providers-fab>=1.0.2->apache-airflow>=2.8.0->apache-airflow-providers-apache-spark) (2.5.1)
#32 134.8 Requirement already satisfied: marshmallow<4,>=3.18.0 in /home/airflow/.local/lib/python3.8/site-packages (from flask-appbuilder==4.5.0->apache-airflow-providers-fab>=1.0.2->apache-airflow>=2.8.0->apache-airflow-providers-apache-spark) (3.20.1)
#32 134.8 Requirement already satisfied: Flask-Limiter<4,>3 in /home/airflow/.local/lib/python3.8/site-packages (from flask-appbuilder==4.5.0->apache-airflow-providers-fab>=1.0.2->apache-airflow>=2.8.0->apache-airflow-providers-apache-spark) (3.3.1)
#32 134.8 Requirement already satisfied: Flask-Babel<3,>=1 in /home/airflow/.local/lib/python3.8/site-packages (from flask-appbuilder==4.5.0->apache-airflow-providers-fab>=1.0.2->apache-airflow>=2.8.0->apache-airflow-providers-apache-spark) (2.0.0)
#32 134.8 Requirement already satisfied: apispec[yaml]<7,>=6.0.0 in /home/airflow/.local/lib/python3.8/site-packages (from flask-appbuilder==4.5.0->apache-airflow-providers-fab>=1.0.2->apache-airflow>=2.8.0->apache-airflow-providers-apache-spark) (6.3.0)
#32 134.8 Requirement already satisfied: click<9,>=8 in /home/airflow/.local/lib/python3.8/site-packages (from flask-appbuilder==4.5.0->apache-airflow-providers-fab>=1.0.2->apache-airflow>=2.8.0->apache-airflow-providers-apache-spark) (8.1.7)
#32 134.8 Requirement already satisfied: prison<1.0.0,>=0.2.1 in /home/airflow/.local/lib/python3.8/site-packages (from flask-appbuilder==4.5.0->apache-airflow-providers-fab>=1.0.2->apache-airflow>=2.8.0->apache-airflow-providers-apache-spark) (0.2.1)
#32 134.8 Requirement already satisfied: marshmallow-sqlalchemy<0.29.0,>=0.22.0 in /home/airflow/.local/lib/python3.8/site-packages (from flask-appbuilder==4.5.0->apache-airflow-providers-fab>=1.0.2->apache-airflow>=2.8.0->apache-airflow-providers-apache-spark) (0.26.1)
#32 134.8 Requirement already satisfied: sqlalchemy-utils<1,>=0.32.21 in /home/airflow/.local/lib/python3.8/site-packages (from flask-appbuilder==4.5.0->apache-airflow-providers-fab>=1.0.2->apache-airflow>=2.8.0->apache-airflow-providers-apache-spark) (0.41.1)
#32 136.1 Requirement already satisfied: inflection<0.6,>=0.3.1 in /home/airflow/.local/lib/python3.8/site-packages (from connexion[flask]<3.0,>=2.14.2->apache-airflow>=2.8.0->apache-airflow-providers-apache-spark) (0.5.1)
#32 136.1 Requirement already satisfied: clickclick<21,>=1.2 in /home/airflow/.local/lib/python3.8/site-packages (from connexion[flask]<3.0,>=2.14.2->apache-airflow>=2.8.0->apache-airflow-providers-apache-spark) (20.10.2)
#32 136.1 Requirement already satisfied: PyYAML<7,>=5.1 in /home/airflow/.local/lib/python3.8/site-packages (from connexion[flask]<3.0,>=2.14.2->apache-airflow>=2.8.0->apache-airflow-providers-apache-spark) (6.0.1)
#32 136.7 Requirement already satisfied: cffi>=1.12 in /home/airflow/.local/lib/python3.8/site-packages (from cryptography>=41.0.0->apache-airflow>=2.8.0->apache-airflow-providers-apache-spark) (1.15.1)
#32 136.8 Requirement already satisfied: wrapt<2,>=1.10 in /home/airflow/.local/lib/python3.8/site-packages (from deprecated>=1.2.13->apache-airflow>=2.8.0->apache-airflow-providers-apache-spark) (1.15.0)
#32 137.2 Requirement already satisfied: cachelib<0.10.0,>=0.9.0 in /home/airflow/.local/lib/python3.8/site-packages (from flask-caching>=2.0.0->apache-airflow>=2.8.0->apache-airflow-providers-apache-spark) (0.9.0)
#32 138.7 Collecting googleapis-common-protos>=1.5.5
#32 138.7   Downloading googleapis_common_protos-1.73.0-py3-none-any.whl (297 kB)
#32 138.8      ━━━━━━━━━━━━━━━━━━━━━━━━━━━━━━━━━━━━━━━ 297.6/297.6 kB 9.8 MB/s eta 0:00:00
#32 139.8 Requirement already satisfied: anyio in /home/airflow/.local/lib/python3.8/site-packages (from httpx>=0.25.0->apache-airflow>=2.8.0->apache-airflow-providers-apache-spark) (3.7.1)
#32 139.8 Requirement already satisfied: idna in /home/airflow/.local/lib/python3.8/site-packages (from httpx>=0.25.0->apache-airflow>=2.8.0->apache-airflow-providers-apache-spark) (3.4)
#32 139.9 Collecting httpcore==1.*
#32 139.9   Downloading httpcore-1.0.9-py3-none-any.whl (78 kB)
#32 139.9      ━━━━━━━━━━━━━━━━━━━━━━━━━━━━━━━━━━━━━━━ 78.8/78.8 kB 170.3 MB/s eta 0:00:00
#32 139.9 Requirement already satisfied: certifi in /home/airflow/.local/lib/python3.8/site-packages (from httpx>=0.25.0->apache-airflow>=2.8.0->apache-airflow-providers-apache-spark) (2023.7.22)
#32 140.3 Collecting h11>=0.16
#32 140.3   Downloading h11-0.16.0-py3-none-any.whl (37 kB)
#32 140.6 Collecting zipp>=3.20
#32 140.6   Downloading zipp-3.20.2-py3-none-any.whl (9.2 kB)
#32 140.9 Requirement already satisfied: pkgutil-resolve-name>=1.3.10 in /home/airflow/.local/lib/python3.8/site-packages (from jsonschema>=4.18.0->apache-airflow>=2.8.0->apache-airflow-providers-apache-spark) (1.3.10)
#32 140.9 Requirement already satisfied: referencing>=0.28.4 in /home/airflow/.local/lib/python3.8/site-packages (from jsonschema>=4.18.0->apache-airflow>=2.8.0->apache-airflow-providers-apache-spark) (0.30.2)
#32 140.9 Requirement already satisfied: rpds-py>=0.7.1 in /home/airflow/.local/lib/python3.8/site-packages (from jsonschema>=4.18.0->apache-airflow>=2.8.0->apache-airflow-providers-apache-spark) (0.9.2)
#32 140.9 Requirement already satisfied: jsonschema-specifications>=2023.03.6 in /home/airflow/.local/lib/python3.8/site-packages (from jsonschema>=4.18.0->apache-airflow>=2.8.0->apache-airflow-providers-apache-spark) (2023.7.1)
#32 141.0 Requirement already satisfied: uc-micro-py in /home/airflow/.local/lib/python3.8/site-packages (from linkify-it-py>=2.0.0->apache-airflow>=2.8.0->apache-airflow-providers-apache-spark) (1.0.2)
#32 141.4 Requirement already satisfied: mdurl~=0.1 in /home/airflow/.local/lib/python3.8/site-packages (from markdown-it-py>=2.1.0->apache-airflow>=2.8.0->apache-airflow-providers-apache-spark) (0.1.2)
#32 141.6 Collecting wirerope>=0.4.7
#32 141.6   Downloading wirerope-1.0.0-py2.py3-none-any.whl (9.2 kB)
#32 141.8 Collecting opentelemetry-exporter-otlp-proto-grpc==1.33.1
#32 141.8   Downloading opentelemetry_exporter_otlp_proto_grpc-1.33.1-py3-none-any.whl (18 kB)
#32 141.9 Collecting opentelemetry-exporter-otlp-proto-http==1.33.1
#32 141.9   Downloading opentelemetry_exporter_otlp_proto_http-1.33.1-py3-none-any.whl (17 kB)
#32 142.3 Collecting opentelemetry-exporter-otlp-proto-common==1.33.1
#32 142.3   Downloading opentelemetry_exporter_otlp_proto_common-1.33.1-py3-none-any.whl (18 kB)
#32 142.5 Collecting opentelemetry-sdk~=1.33.1
#32 142.5   Downloading opentelemetry_sdk-1.33.1-py3-none-any.whl (118 kB)
#32 142.5      ━━━━━━━━━━━━━━━━━━━━━━━━━━━━━━━━━━━━━ 119.0/119.0 kB 103.2 MB/s eta 0:00:00
#32 142.7 Collecting opentelemetry-proto==1.33.1
#32 142.7   Downloading opentelemetry_proto-1.33.1-py3-none-any.whl (55 kB)
#32 142.7      ━━━━━━━━━━━━━━━━━━━━━━━━━━━━━━━━━━━━━━━ 55.9/55.9 kB 118.6 MB/s eta 0:00:00
#32 143.0 Requirement already satisfied: pytzdata>=2020.1 in /home/airflow/.local/lib/python3.8/site-packages (from pendulum<4.0,>=2.1.2->apache-airflow>=2.8.0->apache-airflow-providers-apache-spark) (2020.1)
#32 143.5 Requirement already satisfied: setuptools>=62.4.0 in /home/airflow/.local/lib/python3.8/site-packages (from python-daemon>=3.0.0->apache-airflow>=2.8.0->apache-airflow-providers-apache-spark) (66.1.1)
#32 143.5 Requirement already satisfied: docutils in /home/airflow/.local/lib/python3.8/site-packages (from python-daemon>=3.0.0->apache-airflow>=2.8.0->apache-airflow-providers-apache-spark) (0.20.1)
#32 143.5 Requirement already satisfied: text-unidecode>=1.3 in /home/airflow/.local/lib/python3.8/site-packages (from python-slugify>=5.0->apache-airflow>=2.8.0->apache-airflow-providers-apache-spark) (1.3)
#32 143.5 Requirement already satisfied: urllib3<3,>=1.21.1 in /home/airflow/.local/lib/python3.8/site-packages (from requests<3,>=2.27.0->apache-airflow>=2.8.0->apache-airflow-providers-apache-spark) (1.26.16)
#32 143.5 Requirement already satisfied: charset-normalizer<4,>=2 in /home/airflow/.local/lib/python3.8/site-packages (from requests<3,>=2.27.0->apache-airflow>=2.8.0->apache-airflow-providers-apache-spark) (3.2.0)
#32 143.8 Requirement already satisfied: greenlet!=0.4.17 in /home/airflow/.local/lib/python3.8/site-packages (from sqlalchemy<2.0,>=1.4.36->apache-airflow>=2.8.0->apache-airflow-providers-apache-spark) (2.0.2)
#32 144.0 Requirement already satisfied: sqlparse>=0.4.2 in /home/airflow/.local/lib/python3.8/site-packages (from apache-airflow-providers-common-sql->apache-airflow>=2.8.0->apache-airflow-providers-apache-spark) (0.4.4)
#32 144.4 Requirement already satisfied: aiohttp in /home/airflow/.local/lib/python3.8/site-packages (from apache-airflow-providers-http->apache-airflow>=2.8.0->apache-airflow-providers-apache-spark) (3.8.5)
#32 144.5 Requirement already satisfied: pycparser in /home/airflow/.local/lib/python3.8/site-packages (from cffi>=1.12->cryptography>=41.0.0->apache-airflow>=2.8.0->apache-airflow-providers-apache-spark) (2.21)
#32 145.5 Requirement already satisfied: yarl<2.0,>=1.0 in /home/airflow/.local/lib/python3.8/site-packages (from aiohttp->apache-airflow-providers-http->apache-airflow>=2.8.0->apache-airflow-providers-apache-spark) (1.9.2)
#32 145.5 Requirement already satisfied: multidict<7.0,>=4.5 in /home/airflow/.local/lib/python3.8/site-packages (from aiohttp->apache-airflow-providers-http->apache-airflow>=2.8.0->apache-airflow-providers-apache-spark) (6.0.4)
#32 145.5 Requirement already satisfied: aiosignal>=1.1.2 in /home/airflow/.local/lib/python3.8/site-packages (from aiohttp->apache-airflow-providers-http->apache-airflow>=2.8.0->apache-airflow-providers-apache-spark) (1.3.1)
#32 145.5 Requirement already satisfied: frozenlist>=1.1.1 in /home/airflow/.local/lib/python3.8/site-packages (from aiohttp->apache-airflow-providers-http->apache-airflow>=2.8.0->apache-airflow-providers-apache-spark) (1.4.0)
#32 145.5 Requirement already satisfied: async-timeout<5.0,>=4.0.0a3 in /home/airflow/.local/lib/python3.8/site-packages (from aiohttp->apache-airflow-providers-http->apache-airflow>=2.8.0->apache-airflow-providers-apache-spark) (4.0.3)
#32 145.6 Requirement already satisfied: exceptiongroup in /home/airflow/.local/lib/python3.8/site-packages (from anyio->httpx>=0.25.0->apache-airflow>=2.8.0->apache-airflow-providers-apache-spark) (1.1.3)
#32 145.6 Requirement already satisfied: sniffio>=1.1 in /home/airflow/.local/lib/python3.8/site-packages (from anyio->httpx>=0.25.0->apache-airflow>=2.8.0->apache-airflow-providers-apache-spark) (1.3.0)
#32 146.3 Requirement already satisfied: dnspython>=1.15.0 in /home/airflow/.local/lib/python3.8/site-packages (from email-validator>=1.0.5->flask-appbuilder==4.5.0->apache-airflow-providers-fab>=1.0.2->apache-airflow>=2.8.0->apache-airflow-providers-apache-spark) (2.4.2)
#32 146.3 Requirement already satisfied: Babel>=2.3 in /home/airflow/.local/lib/python3.8/site-packages (from Flask-Babel<3,>=1->flask-appbuilder==4.5.0->apache-airflow-providers-fab>=1.0.2->apache-airflow>=2.8.0->apache-airflow-providers-apache-spark) (2.12.1)
#32 146.4 Requirement already satisfied: limits>=2.8 in /home/airflow/.local/lib/python3.8/site-packages (from Flask-Limiter<4,>3->flask-appbuilder==4.5.0->apache-airflow-providers-fab>=1.0.2->apache-airflow>=2.8.0->apache-airflow-providers-apache-spark) (3.5.0)
#32 146.4 Requirement already satisfied: ordered-set<5,>4 in /home/airflow/.local/lib/python3.8/site-packages (from Flask-Limiter<4,>3->flask-appbuilder==4.5.0->apache-airflow-providers-fab>=1.0.2->apache-airflow>=2.8.0->apache-airflow-providers-apache-spark) (4.1.0)
#32 147.2 Collecting opentelemetry-semantic-conventions==0.54b1
#32 147.2   Downloading opentelemetry_semantic_conventions-0.54b1-py3-none-any.whl (194 kB)
#32 147.2      ━━━━━━━━━━━━━━━━━━━━━━━━━━━━━━━━━━━━━ 194.9/194.9 kB 228.3 MB/s eta 0:00:00
#32 ...

#27 [namenode 2/2] RUN apt-get update && apt-get install -y openjdk-11-jdk wget && rm -rf /var/lib/apt/lists/*
#27 DONE 410.7s

#31 [tensorflow 2/3] RUN pip install --no-cache-dir keras pandas numpy scikit-learn matplotlib seaborn
#31 ...

#33 [namenode] exporting to image
#33 exporting layers
#33 ...

#32 [airflow 2/2] RUN pip install --no-cache-dir apache-airflow-providers-apache-spark pandas numpy
#32 151.5 Building wheels for collected packages: pyspark
#32 151.5   Building wheel for pyspark (setup.py): started
#32 ...

#31 [tensorflow 2/3] RUN pip install --no-cache-dir keras pandas numpy scikit-learn matplotlib seaborn
#31 178.6 Successfully installed contourpy-1.1.1 cycler-0.12.1 fonttools-4.57.0 importlib-resources-6.4.5 joblib-1.4.2 kiwisolver-1.4.7 matplotlib-3.7.5 pandas-2.0.3 pillow-10.4.0 pyparsing-3.1.4 python-dateutil-2.9.0.post0 pytz-2026.1.post1 scikit-learn-1.3.2 scipy-1.10.1 seaborn-0.13.2 threadpoolctl-3.5.0 tzdata-2026.2
#31 178.6 WARNING: Running pip as the 'root' user can result in broken permissions and conflicting behaviour with the system package manager. It is recommended to use a virtual environment instead: https://pip.pypa.io/warnings/venv
#31 179.2 
#31 179.2 [notice] A new release of pip is available: 23.1.2 -> 25.0.1
#31 179.2 [notice] To update, run: python3 -m pip install --upgrade pip
#31 DONE 185.7s

#29 [jupyter 2/3] RUN pip install --no-cache-dir pyspark==3.4.1 pandas numpy matplotlib seaborn scikit-learn
#29 ...

#34 [tensorflow 3/3] WORKDIR /app
#34 DONE 3.4s

#30 [spark-master 3/4] RUN pip3 install pandas numpy pyspark==3.4.1
#30 ...

#35 [tensorflow] exporting to image
#35 exporting layers
#35 ...

#30 [spark-master 3/4] RUN pip3 install pandas numpy pyspark==3.4.1
#30 198.0   Building wheel for pyspark (setup.py): still running...
#30 ...

#32 [airflow 2/2] RUN pip install --no-cache-dir apache-airflow-providers-apache-spark pandas numpy
#32 212.0   Building wheel for pyspark (setup.py): still running...
#32 ...

#30 [spark-master 3/4] RUN pip3 install pandas numpy pyspark==3.4.1
#30 245.0   Building wheel for pyspark (setup.py): finished with status 'done'
#30 250.9   Created wheel for pyspark: filename=pyspark-3.4.1-py2.py3-none-any.whl size=311285411 sha256=b45aa1940f9b2dc0a1a74547a6a8bc8a38287d7833b33a9d0e94669b5396adb1
#30 250.9   Stored in directory: /root/.cache/pip/wheels/07/9f/04/fc2c478c8c87334f0ff48e86fa7d8c2a814f9df5dc21d79b7e
#30 250.9 Successfully built pyspark
#30 252.4 Installing collected packages: numpy, six, python-dateutil, tzdata, pytz, pandas, py4j, pyspark
#30 ...

#32 [airflow 2/2] RUN pip install --no-cache-dir apache-airflow-providers-apache-spark pandas numpy
#32 254.2   Building wheel for pyspark (setup.py): finished with status 'done'
#32 259.7   Created wheel for pyspark: filename=pyspark-3.5.8-py2.py3-none-any.whl size=318352944 sha256=3615b5988d763fffce380636d15e163720bf21195a7256e283f3299e30330fd2
#32 259.7   Stored in directory: /tmp/pip-ephem-wheel-cache-ylihyb0e/wheels/cb/82/23/0a9a39fcbd46101138a28b9958f50ab659eafedafc9e7b2392
#32 259.8 Successfully built pyspark
#32 312.9 Installing collected packages: py4j, zipp, wirerope, setproctitle, pyspark, protobuf, pluggy, h11, grpcio, fsspec, eval-type-backport, colorlog, universal-pathlib, opentelemetry-proto, methodtools, importlib_metadata, httpcore, googleapis-common-protos, croniter, opentelemetry-exporter-otlp-proto-common, opentelemetry-api, httpx, grpcio-status, alembic, opentelemetry-semantic-conventions, opentelemetry-sdk, flask-appbuilder, opentelemetry-exporter-otlp-proto-http, opentelemetry-exporter-otlp-proto-grpc, opentelemetry-exporter-otlp, apache-airflow-providers-smtp, apache-airflow-providers-fab, apache-airflow-providers-common-io, apache-airflow-providers-common-compat, apache-airflow, apache-airflow-providers-apache-spark
#32 313.6   Attempting uninstall: zipp
#32 313.6     Found existing installation: zipp 3.16.2
#32 313.7     Uninstalling zipp-3.16.2:
#32 313.8       Successfully uninstalled zipp-3.16.2
#32 314.0   Attempting uninstall: setproctitle
#32 314.0     Found existing installation: setproctitle 1.3.2
#32 314.3     Uninstalling setproctitle-1.3.2:
#32 314.4       Successfully uninstalled setproctitle-1.3.2
#32 ...

#35 [tensorflow] exporting to image
#35 exporting layers 146.9s done
#35 exporting manifest sha256:cb6076e3ae3197dc4a93c236066e8e6bc4f3e74e99370e99d765c03db8a8aba5 0.1s done
#35 exporting config sha256:47b0712dd0141915bf2df920f934330b6de2339559f12ce8351425196f3d7bfd
#35 exporting config sha256:47b0712dd0141915bf2df920f934330b6de2339559f12ce8351425196f3d7bfd 0.1s done
#35 exporting attestation manifest sha256:f1bc3d44826e234a1746a1b812a61760af9c953137368b85064c164c6d8f4ffa
#35 exporting attestation manifest sha256:f1bc3d44826e234a1746a1b812a61760af9c953137368b85064c164c6d8f4ffa 0.1s done
#35 exporting manifest list sha256:1f8d222eed6ec3240e24751ec3a6f0f39f7b8634d0288a11720d656a80c7fc25
#35 exporting manifest list sha256:1f8d222eed6ec3240e24751ec3a6f0f39f7b8634d0288a11720d656a80c7fc25 0.1s done
#35 naming to docker.io/library/dataops-platform-tensorflow:latest
#35 naming to docker.io/library/dataops-platform-tensorflow:latest 0.5s done
#35 unpacking to docker.io/library/dataops-platform-tensorflow:latest
#35 ...

#30 [spark-master 3/4] RUN pip3 install pandas numpy pyspark==3.4.1
#30 349.0 Successfully installed numpy-1.24.4 pandas-2.0.3 py4j-0.10.9.7 pyspark-3.4.1 python-dateutil-2.9.0.post0 pytz-2026.1.post1 six-1.17.0 tzdata-2026.2
#30 ...

#29 [jupyter 2/3] RUN pip install --no-cache-dir pyspark==3.4.1 pandas numpy matplotlib seaborn scikit-learn
#29 372.4 WARNING: Running pip as the 'root' user can result in broken permissions and conflicting behaviour with the system package manager. It is recommended to use a virtual environment instead: https://pip.pypa.io/warnings/venv
#29 372.6 Successfully installed contourpy-1.3.3 cycler-0.12.1 fonttools-4.62.1 joblib-1.5.3 kiwisolver-1.5.0 matplotlib-3.10.9 numpy-2.4.4 pandas-3.0.2 pillow-12.2.0 py4j-0.10.9.7 pyparsing-3.3.2 pyspark-3.4.1 scikit-learn-1.8.0 scipy-1.17.1 seaborn-0.13.2 threadpoolctl-3.6.0
#29 ...

#32 [airflow 2/2] RUN pip install --no-cache-dir apache-airflow-providers-apache-spark pandas numpy
#32 348.2   Attempting uninstall: protobuf
#32 348.2     Found existing installation: protobuf 4.21.12
#32 348.7     Uninstalling protobuf-4.21.12:
#32 ...

#30 [spark-worker 3/4] RUN pip3 install pandas numpy pyspark==3.4.1
#30 DONE 372.0s

#35 [tensorflow] exporting to image
#35 unpacking to docker.io/library/dataops-platform-tensorflow:latest 33.9s done
#35 ...

#29 [jupyter 2/3] RUN pip install --no-cache-dir pyspark==3.4.1 pandas numpy matplotlib seaborn scikit-learn
#29 DONE 395.2s

#36 [spark-master 4/4] WORKDIR /opt/spark-apps
#36 ...

#35 [tensorflow] exporting to image
#35 DONE 183.5s

#32 [airflow 2/2] RUN pip install --no-cache-dir apache-airflow-providers-apache-spark pandas numpy
#32 350.2       Successfully uninstalled protobuf-4.21.12
#32 351.1   Attempting uninstall: pluggy
#32 351.1     Found existing installation: pluggy 1.2.0
#32 351.4     Uninstalling pluggy-1.2.0:
#32 351.5       Successfully uninstalled pluggy-1.2.0
#32 351.5   Attempting uninstall: h11
#32 351.5     Found existing installation: h11 0.14.0
#32 351.6     Uninstalling h11-0.14.0:
#32 351.6       Successfully uninstalled h11-0.14.0
#32 351.7   Attempting uninstall: grpcio
#32 351.7     Found existing installation: grpcio 1.57.0
#32 352.0     Uninstalling grpcio-1.57.0:
#32 352.4       Successfully uninstalled grpcio-1.57.0
#32 353.2   Attempting uninstall: fsspec
#32 353.2     Found existing installation: fsspec 2023.6.0
#32 353.6     Uninstalling fsspec-2023.6.0:
#32 353.9       Successfully uninstalled fsspec-2023.6.0
#32 ...

#36 [spark-worker 4/4] WORKDIR /opt/spark-apps
#36 DONE 5.1s

#37 [spark-worker] exporting to image
#37 exporting layers
#37 ...

#38 [jupyter 3/3] WORKDIR /home/jovyan/work
#38 DONE 5.8s

#39 [jupyter] exporting to image
#39 ...

#40 [tensorflow] resolving provenance for metadata file
#40 DONE 0.6s

#32 [airflow 2/2] RUN pip install --no-cache-dir apache-airflow-providers-apache-spark pandas numpy
#32 355.2   Attempting uninstall: colorlog
#32 355.4     Found existing installation: colorlog 4.8.0
#32 355.7     Uninstalling colorlog-4.8.0:
#32 355.8       Successfully uninstalled colorlog-4.8.0
#32 356.1   Attempting uninstall: opentelemetry-proto
#32 356.1     Found existing installation: opentelemetry-proto 1.15.0
#32 356.1     Uninstalling opentelemetry-proto-1.15.0:
#32 356.7       Successfully uninstalled opentelemetry-proto-1.15.0
#32 356.8   Attempting uninstall: importlib_metadata
#32 356.8     Found existing installation: importlib-metadata 4.13.0
#32 356.8     Uninstalling importlib-metadata-4.13.0:
#32 356.8       Successfully uninstalled importlib-metadata-4.13.0
#32 356.9   Attempting uninstall: httpcore
#32 356.9     Found existing installation: httpcore 0.16.3
#32 357.0     Uninstalling httpcore-0.16.3:
#32 357.3       Successfully uninstalled httpcore-0.16.3
#32 357.4   Attempting uninstall: googleapis-common-protos
#32 357.4     Found existing installation: googleapis-common-protos 1.60.0
#32 357.6     Uninstalling googleapis-common-protos-1.60.0:
#32 363.7       Successfully uninstalled googleapis-common-protos-1.60.0
#32 364.3   Attempting uninstall: croniter
#32 364.3     Found existing installation: croniter 1.4.1
#32 364.3     Uninstalling croniter-1.4.1:
#32 364.3       Successfully uninstalled croniter-1.4.1
#32 364.4   Attempting uninstall: opentelemetry-api
#32 364.4     Found existing installation: opentelemetry-api 1.15.0
#32 364.4     Uninstalling opentelemetry-api-1.15.0:
#32 364.9       Successfully uninstalled opentelemetry-api-1.15.0
#32 365.0   Attempting uninstall: httpx
#32 365.0     Found existing installation: httpx 0.23.3
#32 365.0     Uninstalling httpx-0.23.3:
#32 365.1       Successfully uninstalled httpx-0.23.3
#32 ...

#41 [spark-master] exporting to image
#41 ...

#32 [airflow 2/2] RUN pip install --no-cache-dir apache-airflow-providers-apache-spark pandas numpy
#32 365.7   Attempting uninstall: grpcio-status
#32 365.7     Found existing installation: grpcio-status 1.57.0
#32 365.7     Uninstalling grpcio-status-1.57.0:
#32 365.7       Successfully uninstalled grpcio-status-1.57.0
#32 365.7   Attempting uninstall: alembic
#32 365.8     Found existing installation: alembic 1.11.3
#32 365.8     Uninstalling alembic-1.11.3:
#32 366.0       Successfully uninstalled alembic-1.11.3
#32 366.6   Attempting uninstall: opentelemetry-semantic-conventions
#32 366.6     Found existing installation: opentelemetry-semantic-conventions 0.36b0
#32 366.7     Uninstalling opentelemetry-semantic-conventions-0.36b0:
#32 366.7       Successfully uninstalled opentelemetry-semantic-conventions-0.36b0
#32 367.2   Attempting uninstall: opentelemetry-sdk
#32 367.2     Found existing installation: opentelemetry-sdk 1.15.0
#32 367.2     Uninstalling opentelemetry-sdk-1.15.0:
#32 367.3       Successfully uninstalled opentelemetry-sdk-1.15.0
#32 367.5   Attempting uninstall: flask-appbuilder
#32 367.5     Found existing installation: Flask-AppBuilder 4.3.3
#32 367.9     Uninstalling Flask-AppBuilder-4.3.3:
#32 368.9       Successfully uninstalled Flask-AppBuilder-4.3.3
#32 369.7   Attempting uninstall: opentelemetry-exporter-otlp-proto-http
#32 369.7     Found existing installation: opentelemetry-exporter-otlp-proto-http 1.15.0
#32 369.7     Uninstalling opentelemetry-exporter-otlp-proto-http-1.15.0:
#32 369.8       Successfully uninstalled opentelemetry-exporter-otlp-proto-http-1.15.0
#32 370.1   Attempting uninstall: opentelemetry-exporter-otlp-proto-grpc
#32 370.1     Found existing installation: opentelemetry-exporter-otlp-proto-grpc 1.15.0
#32 370.1     Uninstalling opentelemetry-exporter-otlp-proto-grpc-1.15.0:
#32 370.1       Successfully uninstalled opentelemetry-exporter-otlp-proto-grpc-1.15.0
#32 370.2   Attempting uninstall: opentelemetry-exporter-otlp
#32 370.2     Found existing installation: opentelemetry-exporter-otlp 1.15.0
#32 370.2     Uninstalling opentelemetry-exporter-otlp-1.15.0:
#32 370.2       Successfully uninstalled opentelemetry-exporter-otlp-1.15.0
#32 370.4   Attempting uninstall: apache-airflow
#32 370.5     Found existing installation: apache-airflow 2.7.0
#32 371.7     Uninstalling apache-airflow-2.7.0:
#32 375.3       Successfully uninstalled apache-airflow-2.7.0
#32 383.2 ERROR: pip's dependency resolver does not currently take into account all the packages that are installed. This behaviour is the source of the following dependency conflicts.
#32 383.2 proto-plus 1.22.3 requires protobuf<5.0.0dev,>=3.19.0, but you have protobuf 5.29.6 which is incompatible.
#32 383.2 mysql-connector-python 8.1.0 requires protobuf<=4.21.12,>=4.21.1, but you have protobuf 5.29.6 which is incompatible.
#32 383.2 grpc-google-iam-v1 0.12.6 requires protobuf!=3.20.0,!=3.20.1,!=4.21.1,!=4.21.2,!=4.21.3,!=4.21.4,!=4.21.5,<5.0.0dev,>=3.19.5, but you have protobuf 5.29.6 which is incompatible.
#32 383.2 google-cloud-workflows 1.11.0 requires protobuf!=3.20.0,!=3.20.1,!=4.21.0,!=4.21.1,!=4.21.2,!=4.21.3,!=4.21.4,!=4.21.5,<5.0.0dev,>=3.19.5, but you have protobuf 5.29.6 which is incompatible.
#32 383.2 google-cloud-vision 3.4.4 requires protobuf!=3.20.0,!=3.20.1,!=4.21.0,!=4.21.1,!=4.21.2,!=4.21.3,!=4.21.4,!=4.21.5,<5.0.0dev,>=3.19.5, but you have protobuf 5.29.6 which is incompatible.
#32 383.2 google-cloud-videointelligence 2.11.3 requires protobuf!=3.20.0,!=3.20.1,!=4.21.0,!=4.21.1,!=4.21.2,!=4.21.3,!=4.21.4,!=4.21.5,<5.0.0dev,>=3.19.5, but you have protobuf 5.29.6 which is incompatible.
#32 383.2 google-cloud-translate 3.12.0 requires protobuf!=3.20.0,!=3.20.1,!=4.21.0,!=4.21.1,!=4.21.2,!=4.21.3,!=4.21.4,!=4.21.5,<5.0.0dev,>=3.19.5, but you have protobuf 5.29.6 which is incompatible.
#32 383.2 google-cloud-texttospeech 2.14.1 requires protobuf!=3.20.0,!=3.20.1,!=4.21.0,!=4.21.1,!=4.21.2,!=4.21.3,!=4.21.4,!=4.21.5,<5.0.0dev,>=3.19.5, but you have protobuf 5.29.6 which is incompatible.
#32 383.2 google-cloud-tasks 2.14.1 requires protobuf!=3.20.0,!=3.20.1,!=4.21.0,!=4.21.1,!=4.21.2,!=4.21.3,!=4.21.4,!=4.21.5,<5.0.0dev,>=3.19.5, but you have protobuf 5.29.6 which is incompatible.
#32 383.2 google-cloud-storage-transfer 1.9.1 requires protobuf!=3.20.0,!=3.20.1,!=4.21.0,!=4.21.1,!=4.21.2,!=4.21.3,!=4.21.4,!=4.21.5,<5.0.0dev,>=3.19.5, but you have protobuf 5.29.6 which is incompatible.
#32 383.2 google-cloud-speech 2.21.0 requires protobuf!=3.20.0,!=3.20.1,!=4.21.0,!=4.21.1,!=4.21.2,!=4.21.3,!=4.21.4,!=4.21.5,<5.0.0dev,>=3.19.5, but you have protobuf 5.29.6 which is incompatible.
#32 383.2 google-cloud-spanner 3.40.1 requires protobuf!=3.20.0,!=3.20.1,!=4.21.0,!=4.21.1,!=4.21.2,!=4.21.3,!=4.21.4,!=4.21.5,<5.0.0dev,>=3.19.5, but you have protobuf 5.29.6 which is incompatible.
#32 383.2 google-cloud-secret-manager 2.16.3 requires protobuf!=3.20.0,!=3.20.1,!=4.21.0,!=4.21.1,!=4.21.2,!=4.21.3,!=4.21.4,!=4.21.5,<5.0.0dev,>=3.19.5, but you have protobuf 5.29.6 which is incompatible.
#32 383.2 google-cloud-resource-manager 1.10.3 requires protobuf!=3.20.0,!=3.20.1,!=4.21.0,!=4.21.1,!=4.21.2,!=4.21.3,!=4.21.4,!=4.21.5,<5.0.0dev,>=3.19.5, but you have protobuf 5.29.6 which is incompatible.
#32 383.2 google-cloud-redis 2.13.1 requires protobuf!=3.20.0,!=3.20.1,!=4.21.0,!=4.21.1,!=4.21.2,!=4.21.3,!=4.21.4,!=4.21.5,<5.0.0dev,>=3.19.5, but you have protobuf 5.29.6 which is incompatible.
#32 383.2 google-cloud-pubsub 2.18.2 requires protobuf!=3.20.0,!=3.20.1,!=4.21.0,!=4.21.1,!=4.21.2,!=4.21.3,!=4.21.4,!=4.21.5,<5.0.0dev,>=3.19.5, but you have protobuf 5.29.6 which is incompatible.
#32 383.2 google-cloud-os-login 2.10.0 requires protobuf!=3.20.0,!=3.20.1,!=4.21.0,!=4.21.1,!=4.21.2,!=4.21.3,!=4.21.4,!=4.21.5,<5.0.0dev,>=3.19.5, but you have protobuf 5.29.6 which is incompatible.
#32 383.2 google-cloud-orchestration-airflow 1.9.1 requires protobuf!=3.20.0,!=3.20.1,!=4.21.0,!=4.21.1,!=4.21.2,!=4.21.3,!=4.21.4,!=4.21.5,<5.0.0dev,>=3.19.5, but you have protobuf 5.29.6 which is incompatible.
#32 383.2 google-cloud-monitoring 2.15.1 requires protobuf!=3.20.0,!=3.20.1,!=4.21.0,!=4.21.1,!=4.21.2,!=4.21.3,!=4.21.4,!=4.21.5,<5.0.0dev,>=3.19.5, but you have protobuf 5.29.6 which is incompatible.
#32 383.2 google-cloud-memcache 1.7.2 requires protobuf!=3.20.0,!=3.20.1,!=4.21.0,!=4.21.1,!=4.21.2,!=4.21.3,!=4.21.4,!=4.21.5,<5.0.0dev,>=3.19.5, but you have protobuf 5.29.6 which is incompatible.
#32 383.2 google-cloud-logging 3.6.0 requires protobuf!=3.20.0,!=3.20.1,!=4.21.0,!=4.21.1,!=4.21.2,!=4.21.3,!=4.21.4,!=4.21.5,<5.0.0dev,>=3.19.5, but you have protobuf 5.29.6 which is incompatible.
#32 383.2 google-cloud-language 2.11.0 requires protobuf!=3.20.0,!=3.20.1,!=4.21.0,!=4.21.1,!=4.21.2,!=4.21.3,!=4.21.4,!=4.21.5,<5.0.0dev,>=3.19.5, but you have protobuf 5.29.6 which is incompatible.
#32 383.2 google-cloud-kms 2.19.1 requires protobuf!=3.20.0,!=3.20.1,!=4.21.0,!=4.21.1,!=4.21.2,!=4.21.3,!=4.21.4,!=4.21.5,<5.0.0dev,>=3.19.5, but you have protobuf 5.29.6 which is incompatible.
#32 383.2 google-cloud-dlp 3.12.2 requires protobuf!=3.20.0,!=3.20.1,!=4.21.0,!=4.21.1,!=4.21.2,!=4.21.3,!=4.21.4,!=4.21.5,<5.0.0dev,>=3.19.5, but you have protobuf 5.29.6 which is incompatible.
#32 383.2 google-cloud-dataproc 5.4.3 requires protobuf!=3.20.0,!=3.20.1,!=4.21.0,!=4.21.1,!=4.21.2,!=4.21.3,!=4.21.4,!=4.21.5,<5.0.0dev,>=3.19.5, but you have protobuf 5.29.6 which is incompatible.
#32 383.2 google-cloud-dataproc-metastore 1.12.0 requires protobuf!=3.20.0,!=3.20.1,!=4.21.0,!=4.21.1,!=4.21.2,!=4.21.3,!=4.21.4,!=4.21.5,<5.0.0dev,>=3.19.5, but you have protobuf 5.29.6 which is incompatible.
#32 383.2 google-cloud-dataplex 1.6.2 requires protobuf!=3.20.0,!=3.20.1,!=4.21.0,!=4.21.1,!=4.21.2,!=4.21.3,!=4.21.4,!=4.21.5,<5.0.0dev,>=3.19.5, but you have protobuf 5.29.6 which is incompatible.
#32 383.2 google-cloud-dataform 0.5.2 requires protobuf!=3.20.0,!=3.20.1,!=4.21.0,!=4.21.1,!=4.21.2,!=4.21.3,!=4.21.4,!=4.21.5,<5.0.0dev,>=3.19.5, but you have protobuf 5.29.6 which is incompatible.
#32 383.2 google-cloud-dataflow-client 0.8.4 requires protobuf!=3.20.0,!=3.20.1,!=4.21.0,!=4.21.1,!=4.21.2,!=4.21.3,!=4.21.4,!=4.21.5,<5.0.0dev,>=3.19.5, but you have protobuf 5.29.6 which is incompatible.
#32 383.2 google-cloud-datacatalog 3.15.0 requires protobuf!=3.20.0,!=3.20.1,!=4.21.0,!=4.21.1,!=4.21.2,!=4.21.3,!=4.21.4,!=4.21.5,<5.0.0dev,>=3.19.5, but you have protobuf 5.29.6 which is incompatible.
#32 383.2 google-cloud-container 2.30.0 requires protobuf!=3.20.0,!=3.20.1,!=4.21.0,!=4.21.1,!=4.21.2,!=4.21.3,!=4.21.4,!=4.21.5,<5.0.0dev,>=3.19.5, but you have protobuf 5.29.6 which is incompatible.
#32 383.2 google-cloud-compute 1.14.0 requires protobuf!=3.20.0,!=3.20.1,!=4.21.0,!=4.21.1,!=4.21.2,!=4.21.3,!=4.21.4,!=4.21.5,<5.0.0dev,>=3.19.5, but you have protobuf 5.29.6 which is incompatible.
#32 383.2 google-cloud-build 3.20.0 requires protobuf!=3.20.0,!=3.20.1,!=4.21.0,!=4.21.1,!=4.21.2,!=4.21.3,!=4.21.4,!=4.21.5,<5.0.0dev,>=3.19.5, but you have protobuf 5.29.6 which is incompatible.
#32 383.2 google-cloud-bigtable 2.21.0 requires protobuf!=3.20.0,!=3.20.1,!=4.21.0,!=4.21.1,!=4.21.2,!=4.21.3,!=4.21.4,!=4.21.5,<5.0.0dev,>=3.19.5, but you have protobuf 5.29.6 which is incompatible.
#32 383.2 google-cloud-bigquery 3.11.4 requires protobuf!=3.20.0,!=3.20.1,!=4.21.0,!=4.21.1,!=4.21.2,!=4.21.3,!=4.21.4,!=4.21.5,<5.0.0dev,>=3.19.5, but you have protobuf 5.29.6 which is incompatible.
#32 383.2 google-cloud-bigquery-storage 2.22.0 requires protobuf!=3.20.0,!=3.20.1,!=4.21.0,!=4.21.1,!=4.21.2,!=4.21.3,!=4.21.4,!=4.21.5,<5.0.0dev,>=3.19.5, but you have protobuf 5.29.6 which is incompatible.
#32 383.2 google-cloud-bigquery-datatransfer 3.12.0 requires protobuf!=3.20.0,!=3.20.1,!=4.21.0,!=4.21.1,!=4.21.2,!=4.21.3,!=4.21.4,!=4.21.5,<5.0.0dev,>=3.19.5, but you have protobuf 5.29.6 which is incompatible.
#32 383.2 google-cloud-automl 2.11.2 requires protobuf!=3.20.0,!=3.20.1,!=4.21.0,!=4.21.1,!=4.21.2,!=4.21.3,!=4.21.4,!=4.21.5,<5.0.0dev,>=3.19.5, but you have protobuf 5.29.6 which is incompatible.
#32 383.2 google-cloud-audit-log 0.2.5 requires protobuf!=3.20.0,!=3.20.1,!=4.21.1,!=4.21.2,!=4.21.3,!=4.21.4,!=4.21.5,<5.0.0dev,>=3.19.5, but you have protobuf 5.29.6 which is incompatible.
#32 383.2 google-cloud-appengine-logging 1.3.1 requires protobuf!=3.20.0,!=3.20.1,!=4.21.0,!=4.21.1,!=4.21.2,!=4.21.3,!=4.21.4,!=4.21.5,<5.0.0dev,>=3.19.5, but you have protobuf 5.29.6 which is incompatible.
#32 383.2 google-cloud-aiplatform 1.30.1 requires protobuf!=3.20.0,!=3.20.1,!=4.21.0,!=4.21.1,!=4.21.2,!=4.21.3,!=4.21.4,!=4.21.5,<5.0.0dev,>=3.19.5, but you have protobuf 5.29.6 which is incompatible.
#32 383.2 google-api-core 2.11.1 requires protobuf!=3.20.0,!=3.20.1,!=4.21.0,!=4.21.1,!=4.21.2,!=4.21.3,!=4.21.4,!=4.21.5,<5.0.0.dev0,>=3.19.5, but you have protobuf 5.29.6 which is incompatible.
#32 383.2 google-ads 21.3.0 requires protobuf!=3.18.*,!=3.19.*,<5.0.0dev,>=3.12.0, but you have protobuf 5.29.6 which is incompatible.
#32 383.2 Successfully installed alembic-1.14.1 apache-airflow-2.10.5 apache-airflow-providers-apache-spark-4.11.0 apache-airflow-providers-common-compat-1.2.0 apache-airflow-providers-common-io-1.4.1 apache-airflow-providers-fab-1.4.0 apache-airflow-providers-smtp-1.8.0 colorlog-6.10.1 croniter-6.0.0 eval-type-backport-0.3.1 flask-appbuilder-4.5.0 fsspec-2025.3.0 googleapis-common-protos-1.73.0 grpcio-1.70.0 grpcio-status-1.70.0 h11-0.16.0 httpcore-1.0.9 httpx-0.28.1 importlib_metadata-8.5.0 methodtools-0.4.7 opentelemetry-api-1.33.1 opentelemetry-exporter-otlp-1.33.1 opentelemetry-exporter-otlp-proto-common-1.33.1 opentelemetry-exporter-otlp-proto-grpc-1.33.1 opentelemetry-exporter-otlp-proto-http-1.33.1 opentelemetry-proto-1.33.1 opentelemetry-sdk-1.33.1 opentelemetry-semantic-conventions-0.54b1 pluggy-1.5.0 protobuf-5.29.6 py4j-0.10.9.9 pyspark-3.5.8 setproctitle-1.3.7 universal-pathlib-0.2.6 wirerope-1.0.0 zipp-3.20.2
#32 384.0 
#32 384.0 [notice] A new release of pip is available: 23.0.1 -> 25.0.1
#32 384.0 [notice] To update, run: pip install --upgrade pip
#32 ...

#33 [namenode] exporting to image
#33 exporting layers 236.1s done
#33 exporting manifest sha256:a65d748d25dcb00ab4cb779e48cb34c71fd662e9adc50c1b0ca9647950c5ecb1
#33 exporting manifest sha256:a65d748d25dcb00ab4cb779e48cb34c71fd662e9adc50c1b0ca9647950c5ecb1 0.1s done
#33 exporting config sha256:e822ddbd4e28e925e4a44f56ed1c6f4a31c7869679c5a73999d79b350bee7f21 0.1s done
#33 exporting attestation manifest sha256:e2078848101b144a938c670cd620d288f69429d87200bf19c3a6b6861ef00c76
#33 exporting attestation manifest sha256:e2078848101b144a938c670cd620d288f69429d87200bf19c3a6b6861ef00c76 0.5s done
#33 exporting manifest list sha256:dd2b7ea05d21460f63b1532aa379487768392cbf39683eceead008facdb346bc
#33 exporting manifest list sha256:dd2b7ea05d21460f63b1532aa379487768392cbf39683eceead008facdb346bc 0.0s done
#33 naming to docker.io/library/dataops-platform-namenode:latest done
#33 unpacking to docker.io/library/dataops-platform-namenode:latest
#33 ...

#32 [airflow 2/2] RUN pip install --no-cache-dir apache-airflow-providers-apache-spark pandas numpy
#32 DONE 388.7s

#42 [airflow] exporting to image
#42 ...

#33 [namenode] exporting to image
#33 unpacking to docker.io/library/dataops-platform-namenode:latest 30.1s done
#33 DONE 268.5s

#37 [spark-worker] exporting to image
#37 ...

#43 [namenode] resolving provenance for metadata file
#43 DONE 0.4s

#42 [airflow] exporting to image
#42 exporting layers 107.1s done
#42 exporting manifest sha256:0484a4746ccaf3a483b0be58fb87f686c47a5e4183c433693e3e40ae2dd29299
#42 exporting manifest sha256:0484a4746ccaf3a483b0be58fb87f686c47a5e4183c433693e3e40ae2dd29299 0.0s done
#42 exporting config sha256:f06b89dc637199b3439a1c2eaf8040d42775ad517909caa4025c3682dec33049 0.0s done
#42 exporting attestation manifest sha256:eddefc396e93e694162c8e15839fb006f4cafd312017913b8947e21c2e1ab2e4
#42 exporting attestation manifest sha256:eddefc396e93e694162c8e15839fb006f4cafd312017913b8947e21c2e1ab2e4 0.1s done
#42 exporting manifest list sha256:79ffc75e1e79c677751c043a66d5e334c8f264db597c7b0c7a02ee33dd20a604 0.0s done
#42 naming to docker.io/library/dataops-platform-airflow:latest 0.0s done
#42 unpacking to docker.io/library/dataops-platform-airflow:latest
#42 unpacking to docker.io/library/dataops-platform-airflow:latest 27.6s done
#42 DONE 136.0s

#41 [spark-master] exporting to image
#41 ...

#44 [airflow] resolving provenance for metadata file
#44 DONE 0.1s

#39 [jupyter] exporting to image
#39 exporting layers 191.3s done
#39 exporting manifest sha256:c2eee96eb2651484ee91686793ca66e891bdd04206af24e22fe80d8072257c84
#39 exporting manifest sha256:c2eee96eb2651484ee91686793ca66e891bdd04206af24e22fe80d8072257c84 0.0s done
#39 exporting config sha256:f594077aa3935827c50fb01b827964cabbec314338ed396b34efde2b63e1dcbd 0.0s done
#39 exporting attestation manifest sha256:ffcde29b3659b899f8c39665b2f37cb00744594e9cf85c5d72d23b57c28467d6 0.0s done
#39 exporting manifest list sha256:9bbf616dff0ef269dd8ce3f237bd8934475c2969eb0bab9bd6ed288506c17dbd 0.0s done
#39 naming to docker.io/library/dataops-platform-jupyter:latest 0.0s done
#39 unpacking to docker.io/library/dataops-platform-jupyter:latest
#39 unpacking to docker.io/library/dataops-platform-jupyter:latest 36.2s done
#39 DONE 228.1s

#41 [spark-master] exporting to image
#41 ...

#45 [jupyter] resolving provenance for metadata file
#45 DONE 0.2s

#37 [spark-worker] exporting to image
#37 ...

#41 [spark-master] exporting to image
#41 exporting layers 241.8s done
#41 exporting manifest sha256:d8c2794988680d3dada02831f18818a7b1c7185dcbdf6261935e969ed0b6ceaa
#41 exporting manifest sha256:d8c2794988680d3dada02831f18818a7b1c7185dcbdf6261935e969ed0b6ceaa 0.3s done
#41 exporting config sha256:17c71eb63a9e4a74d9a71f93ec984a08ef1db41562f22c0201aa98cbc76ee3b7
#41 exporting config sha256:17c71eb63a9e4a74d9a71f93ec984a08ef1db41562f22c0201aa98cbc76ee3b7 0.0s done
#41 exporting attestation manifest sha256:00825ffa627ced7b73f109326ebf245d1113dd7373559bfbea659337cfeeda01 0.0s done
#41 exporting manifest list sha256:0cce6cbf236af2efec5eaa79fc1a5cbf3136ed6e7a4dc186cc8c87fcfed993cb 0.0s done
#41 naming to docker.io/library/dataops-platform-spark-master:latest done
#41 unpacking to docker.io/library/dataops-platform-spark-master:latest
#41 ...

#37 [spark-worker] exporting to image
#37 exporting layers 241.6s done
#37 exporting manifest sha256:ba891bab5cf8dd8e79f7743b7e993b82bc1c70a93b3704d475e4ab8806e4c77f 0.3s done
#37 exporting config sha256:2a42d0f4c125412052445f0e348af1e7f88af6a1e66d0ced0c699953a9153dbf 0.0s done
#37 exporting attestation manifest sha256:62614aa6aac2dae6d9b92651642e6f19f1fbdcae53e72c504d6e245f0a0645e0 0.0s done
#37 exporting manifest list sha256:3f7c86eba5facfc383a7cc66a7f6bd0c836bca80a31cd10eb9cbdeb4593f05cc 0.0s done
#37 naming to docker.io/library/dataops-platform-spark-worker:latest done
#37 unpacking to docker.io/library/dataops-platform-spark-worker:latest
#37 unpacking to docker.io/library/dataops-platform-spark-worker:latest 56.2s done
#37 DONE 298.3s

#41 [spark-master] exporting to image
#41 unpacking to docker.io/library/dataops-platform-spark-master:latest 56.2s done
#41 DONE 298.5s

#46 [spark-worker] resolving provenance for metadata file
#46 DONE 0.1s

#47 [spark-master] resolving provenance for metadata file
#47 DONE 0.0s
 dataops-platform-tensorflow  Built
 dataops-platform-airflow  Built
 dataops-platform-jupyter  Built
 dataops-platform-namenode  Built
 dataops-platform-spark-master  Built
 dataops-platform-spark-worker  Built
